firm_id,declaration_date,vat_inputs,vat_outputs,reimbursement_date
FIRM_0096,2023-01-31T00:00:00Z,45262,45914,2023-12-31T00:00:00Z
FIRM_0081,2022-05-31T00:00:00Z,9225,29661,2021-07-31T00:00:00Z
FIRM_0024,2023-03-31T00:00:00Z,15289,10005,2023-09-30T00:00:00Z
FIRM_0091,2023-08-31T00:00:00Z,9347,14410,2021-11-30T00:00:00Z
FIRM_0014,2023-09-30T00:00:00Z,47317,33378,2021-12-31T00:00:00Z
FIRM_0090,2022-12-31T00:00:00Z,44471,45639,2022-10-31T00:00:00Z
FIRM_0059,2021-02-28T00:00:00Z,23806,19855,2023-11-30T00:00:00Z
FIRM_0080,2022-07-31T00:00:00Z,49071,25070,2022-06-30T00:00:00Z
FIRM_0060,2021-12-31T00:00:00Z,45563,18817,2022-12-31T00:00:00Z
FIRM_0015,2021-11-30T00:00:00Z,3741,30824,2023-06-30T00:00:00Z
FIRM_0012,2021-12-31T00:00:00Z,44675,16421,2021-09-30T00:00:00Z
FIRM_0090,2022-04-30T00:00:00Z,1464,9148,2024-01-31T00:00:00Z
FIRM_0078,2021-06-30T00:00:00Z,46685,46336,2022-04-30T00:00:00Z
FIRM_0039,2022-03-31T00:00:00Z,25742,42677,2022-10-31T00:00:00Z
FIRM_0032,2021-09-30T00:00:00Z,26156,14676,2023-04-30T00:00:00Z
FIRM_0008,2021-02-28T00:00:00Z,47875,21889,2021-11-30T00:00:00Z
FIRM_0043,2022-12-31T00:00:00Z,35881,43281,2021-05-31T00:00:00Z
FIRM_0036,2021-05-31T00:00:00Z,29499,10724,2023-12-31T00:00:00Z
FIRM_0032,2022-09-30T00:00:00Z,25456,45013,2021-11-30T00:00:00Z
FIRM_0074,2023-11-30T00:00:00Z,22327,31502,2023-03-31T00:00:00Z
FIRM_0100,2023-02-28T00:00:00Z,11266,26221,2023-11-30T00:00:00Z
FIRM_0055,2023-06-30T00:00:00Z,47657,2679,2022-06-30T00:00:00Z
FIRM_0040,2022-12-31T00:00:00Z,43741,49806,2021-07-31T00:00:00Z
FIRM_0100,2021-10-31T00:00:00Z,48270,14916,2021-06-30T00:00:00Z
FIRM_0095,2023-10-31T00:00:00Z,8254,43505,2021-12-31T00:00:00Z
FIRM_0070,2023-08-31T00:00:00Z,34033,29062,2023-05-31T00:00:00Z
FIRM_0013,2023-08-31T00:00:00Z,49381,47688,2022-01-31T00:00:00Z
FIRM_0017,2021-03-31T00:00:00Z,15908,22579,2021-10-31T00:00:00Z
FIRM_0096,2022-10-31T00:00:00Z,7338,21570,2022-04-30T00:00:00Z
FIRM_0020,2022-04-30T00:00:00Z,33267,9826,2021-02-28T00:00:00Z
FIRM_0027,2021-07-31T00:00:00Z,6878,14690,2021-08-31T00:00:00Z
FIRM_0024,2023-05-31T00:00:00Z,1948,12040,2022-05-31T00:00:00Z
FIRM_0074,2021-01-31T00:00:00Z,8438,38640,2023-07-31T00:00:00Z
FIRM_0027,2022-05-31T00:00:00Z,48974,49625,2021-05-31T00:00:00Z
FIRM_0065,2023-05-31T00:00:00Z,15900,1575,2021-11-30T00:00:00Z
FIRM_0065,2021-03-31T00:00:00Z,48202,17096,2021-09-30T00:00:00Z
FIRM_0034,2022-01-31T00:00:00Z,38199,44270,2023-05-31T00:00:00Z
FIRM_0068,2021-07-31T00:00:00Z,28432,30522,2021-02-28T00:00:00Z
FIRM_0072,2022-12-31T00:00:00Z,48501,2240,2022-07-31T00:00:00Z
FIRM_0097,2023-12-31T00:00:00Z,17171,13388,2022-04-30T00:00:00Z
FIRM_0015,2022-02-28T00:00:00Z,1444,44201,2023-01-31T00:00:00Z
FIRM_0060,2021-11-30T00:00:00Z,44558,29097,2023-10-31T00:00:00Z
FIRM_0032,2022-03-31T00:00:00Z,22724,46617,2022-01-31T00:00:00Z
FIRM_0002,2022-08-31T00:00:00Z,1365,27579,2023-05-31T00:00:00Z
FIRM_0046,2022-01-31T00:00:00Z,12245,11226,2022-12-31T00:00:00Z
FIRM_0021,2022-09-30T00:00:00Z,35857,30609,2022-03-31T00:00:00Z
FIRM_0038,2021-08-31T00:00:00Z,26392,12826,2021-09-30T00:00:00Z
FIRM_0049,2021-10-31T00:00:00Z,30274,30990,2021-04-30T00:00:00Z
FIRM_0079,2023-12-31T00:00:00Z,9038,26510,2023-09-30T00:00:00Z
FIRM_0040,2021-03-31T00:00:00Z,25804,36684,2022-04-30T00:00:00Z
FIRM_0021,2021-04-30T00:00:00Z,13426,15750,2024-01-31T00:00:00Z
FIRM_0072,2023-08-31T00:00:00Z,33989,5627,2023-02-28T00:00:00Z
FIRM_0097,2022-04-30T00:00:00Z,47937,24798,2022-10-31T00:00:00Z
FIRM_0011,2021-03-31T00:00:00Z,42722,45922,2023-12-31T00:00:00Z
FIRM_0099,2023-01-31T00:00:00Z,16775,47471,2023-05-31T00:00:00Z
FIRM_0032,2023-02-28T00:00:00Z,38773,34648,2023-05-31T00:00:00Z
FIRM_0076,2023-09-30T00:00:00Z,18780,22292,2021-11-30T00:00:00Z
FIRM_0031,2021-07-31T00:00:00Z,26138,19961,2021-10-31T00:00:00Z
FIRM_0024,2023-12-31T00:00:00Z,26838,8328,2023-07-31T00:00:00Z
FIRM_0071,2023-05-31T00:00:00Z,20391,24754,2021-12-31T00:00:00Z
FIRM_0036,2022-04-30T00:00:00Z,12454,45477,2022-09-30T00:00:00Z
FIRM_0075,2023-04-30T00:00:00Z,27448,13244,2021-02-28T00:00:00Z
FIRM_0065,2023-01-31T00:00:00Z,8999,42538,2022-05-31T00:00:00Z
FIRM_0020,2021-12-31T00:00:00Z,41908,2663,2021-07-31T00:00:00Z
FIRM_0037,2022-11-30T00:00:00Z,10562,14939,2022-11-30T00:00:00Z
FIRM_0014,2021-11-30T00:00:00Z,41374,48986,2022-06-30T00:00:00Z
FIRM_0010,2021-02-28T00:00:00Z,30557,40239,2022-03-31T00:00:00Z
FIRM_0009,2021-05-31T00:00:00Z,24827,35129,2022-07-31T00:00:00Z
FIRM_0070,2022-12-31T00:00:00Z,49245,19191,2023-02-28T00:00:00Z
FIRM_0090,2021-06-30T00:00:00Z,21762,45223,2022-03-31T00:00:00Z
FIRM_0012,2023-06-30T00:00:00Z,23115,44778,2022-11-30T00:00:00Z
FIRM_0076,2022-08-31T00:00:00Z,31253,8073,2021-07-31T00:00:00Z
FIRM_0071,2022-01-31T00:00:00Z,24951,36351,2022-11-30T00:00:00Z
FIRM_0004,2023-08-31T00:00:00Z,35010,34890,2022-08-31T00:00:00Z
FIRM_0084,2022-05-31T00:00:00Z,48738,24466,2021-08-31T00:00:00Z
FIRM_0021,2022-03-31T00:00:00Z,4902,41415,2021-04-30T00:00:00Z
FIRM_0018,2021-01-31T00:00:00Z,46047,32521,2021-08-31T00:00:00Z
FIRM_0052,2022-08-31T00:00:00Z,25583,31913,2021-07-31T00:00:00Z
FIRM_0060,2022-01-31T00:00:00Z,36547,46202,2023-11-30T00:00:00Z
FIRM_0039,2021-11-30T00:00:00Z,27250,30015,2022-07-31T00:00:00Z
FIRM_0036,2022-03-31T00:00:00Z,10796,23936,2021-05-31T00:00:00Z
FIRM_0031,2023-11-30T00:00:00Z,12734,8792,2022-04-30T00:00:00Z
FIRM_0072,2022-09-30T00:00:00Z,40789,38511,2022-12-31T00:00:00Z
FIRM_0057,2022-05-31T00:00:00Z,28275,22257,2021-08-31T00:00:00Z
FIRM_0003,2021-04-30T00:00:00Z,31954,7239,2021-10-31T00:00:00Z
FIRM_0073,2023-02-28T00:00:00Z,42454,30366,2023-05-31T00:00:00Z
FIRM_0006,2022-11-30T00:00:00Z,11487,28066,2023-07-31T00:00:00Z
FIRM_0060,2022-05-31T00:00:00Z,39917,35476,2023-01-31T00:00:00Z
FIRM_0043,2022-10-31T00:00:00Z,11542,22913,2023-06-30T00:00:00Z
FIRM_0096,2022-05-31T00:00:00Z,36006,17338,2023-12-31T00:00:00Z
FIRM_0020,2021-05-31T00:00:00Z,5123,20685,2023-11-30T00:00:00Z
FIRM_0067,2023-03-31T00:00:00Z,24432,35848,2023-06-30T00:00:00Z
FIRM_0020,2021-04-30T00:00:00Z,34306,1073,2023-08-31T00:00:00Z
FIRM_0090,2022-01-31T00:00:00Z,43220,30483,2023-07-31T00:00:00Z
FIRM_0045,2021-12-31T00:00:00Z,43753,37583,2022-10-31T00:00:00Z
FIRM_0086,2023-06-30T00:00:00Z,25263,4611,2023-08-31T00:00:00Z
FIRM_0032,2023-09-30T00:00:00Z,31123,43631,2021-02-28T00:00:00Z
FIRM_0077,2021-09-30T00:00:00Z,16646,47800,2022-12-31T00:00:00Z
FIRM_0065,2022-01-31T00:00:00Z,42180,38856,2021-02-28T00:00:00Z
FIRM_0089,2023-12-31T00:00:00Z,9632,24208,2022-12-31T00:00:00Z
FIRM_0023,2023-06-30T00:00:00Z,31146,13684,2022-01-31T00:00:00Z
FIRM_0037,2023-06-30T00:00:00Z,42798,33612,2022-10-31T00:00:00Z
FIRM_0006,2022-06-30T00:00:00Z,14052,11773,2021-10-31T00:00:00Z
FIRM_0028,2022-01-31T00:00:00Z,32791,17713,2021-06-30T00:00:00Z
FIRM_0008,2023-02-28T00:00:00Z,27484,35245,2023-11-30T00:00:00Z
FIRM_0007,2023-08-31T00:00:00Z,2916,46158,2023-11-30T00:00:00Z
FIRM_0074,2023-08-31T00:00:00Z,12964,39656,2022-04-30T00:00:00Z
FIRM_0057,2022-06-30T00:00:00Z,9200,41014,2022-09-30T00:00:00Z
FIRM_0031,2023-04-30T00:00:00Z,15074,26449,2022-02-28T00:00:00Z
FIRM_0071,2021-05-31T00:00:00Z,24346,38610,2023-04-30T00:00:00Z
FIRM_0098,2021-01-31T00:00:00Z,7756,18392,2021-12-31T00:00:00Z
FIRM_0021,2022-05-31T00:00:00Z,7153,5523,2023-04-30T00:00:00Z
FIRM_0049,2021-01-31T00:00:00Z,12809,19231,2023-04-30T00:00:00Z
FIRM_0004,2023-05-31T00:00:00Z,46902,23839,2023-04-30T00:00:00Z
FIRM_0035,2022-06-30T00:00:00Z,3610,33360,2022-06-30T00:00:00Z
FIRM_0005,2022-09-30T00:00:00Z,22196,30998,2022-04-30T00:00:00Z
FIRM_0043,2023-03-31T00:00:00Z,36394,37602,2023-05-31T00:00:00Z
FIRM_0058,2023-04-30T00:00:00Z,23231,27557,2022-07-31T00:00:00Z
FIRM_0062,2021-12-31T00:00:00Z,19310,11594,2022-10-31T00:00:00Z
FIRM_0100,2022-01-31T00:00:00Z,40652,26194,2023-05-31T00:00:00Z
FIRM_0053,2021-03-31T00:00:00Z,4760,21316,2021-07-31T00:00:00Z
FIRM_0045,2021-09-30T00:00:00Z,11537,7067,2022-02-28T00:00:00Z
FIRM_0087,2021-08-31T00:00:00Z,9291,20052,2022-02-28T00:00:00Z
FIRM_0096,2021-04-30T00:00:00Z,10206,25376,2023-09-30T00:00:00Z
FIRM_0056,2021-07-31T00:00:00Z,42892,26870,2023-08-31T00:00:00Z
FIRM_0021,2023-04-30T00:00:00Z,29225,17435,2023-05-31T00:00:00Z
FIRM_0012,2021-09-30T00:00:00Z,30029,3316,2023-06-30T00:00:00Z
FIRM_0054,2022-05-31T00:00:00Z,37637,26005,2021-02-28T00:00:00Z
FIRM_0099,2022-02-28T00:00:00Z,27270,29444,2022-10-31T00:00:00Z
FIRM_0028,2023-12-31T00:00:00Z,17231,49632,2021-02-28T00:00:00Z
FIRM_0072,2021-03-31T00:00:00Z,46163,4208,2022-02-28T00:00:00Z
FIRM_0008,2023-10-31T00:00:00Z,46150,17453,2022-11-30T00:00:00Z
FIRM_0015,2022-11-30T00:00:00Z,26349,31936,2022-12-31T00:00:00Z
FIRM_0076,2023-03-31T00:00:00Z,44999,47923,2023-07-31T00:00:00Z
FIRM_0059,2021-12-31T00:00:00Z,41551,39796,2023-03-31T00:00:00Z
FIRM_0014,2023-06-30T00:00:00Z,39012,37051,2023-08-31T00:00:00Z
FIRM_0011,2022-09-30T00:00:00Z,18550,5219,2023-09-30T00:00:00Z
FIRM_0067,2022-10-31T00:00:00Z,24615,37913,2022-01-31T00:00:00Z
FIRM_0094,2023-10-31T00:00:00Z,29108,24803,2023-03-31T00:00:00Z
FIRM_0062,2021-07-31T00:00:00Z,15844,19100,2021-10-31T00:00:00Z
FIRM_0078,2023-01-31T00:00:00Z,16357,46464,2023-07-31T00:00:00Z
FIRM_0011,2023-02-28T00:00:00Z,11676,4206,2023-06-30T00:00:00Z
FIRM_0021,2022-05-31T00:00:00Z,3056,14841,2023-07-31T00:00:00Z
FIRM_0087,2022-09-30T00:00:00Z,31512,25256,2023-01-31T00:00:00Z
FIRM_0051,2021-01-31T00:00:00Z,20273,49280,2021-08-31T00:00:00Z
FIRM_0063,2022-02-28T00:00:00Z,44824,8192,2022-10-31T00:00:00Z
FIRM_0040,2021-07-31T00:00:00Z,44455,3044,2021-12-31T00:00:00Z
FIRM_0028,2023-04-30T00:00:00Z,29915,17724,2021-10-31T00:00:00Z
FIRM_0079,2023-05-31T00:00:00Z,21043,11806,2021-03-31T00:00:00Z
FIRM_0070,2021-08-31T00:00:00Z,2304,39452,2022-11-30T00:00:00Z
FIRM_0036,2023-08-31T00:00:00Z,21516,1627,2022-08-31T00:00:00Z
FIRM_0071,2023-04-30T00:00:00Z,44350,19487,2022-06-30T00:00:00Z
FIRM_0024,2023-12-31T00:00:00Z,15981,38646,2022-11-30T00:00:00Z
FIRM_0011,2021-09-30T00:00:00Z,43835,43807,2023-11-30T00:00:00Z
FIRM_0036,2022-05-31T00:00:00Z,39584,34021,2022-04-30T00:00:00Z
FIRM_0055,2023-04-30T00:00:00Z,4965,41936,2022-04-30T00:00:00Z
FIRM_0025,2023-11-30T00:00:00Z,41047,34194,2021-02-28T00:00:00Z
FIRM_0096,2023-10-31T00:00:00Z,30242,32473,2021-04-30T00:00:00Z
FIRM_0085,2023-08-31T00:00:00Z,23828,45142,2022-09-30T00:00:00Z
FIRM_0003,2023-11-30T00:00:00Z,7089,23438,2022-10-31T00:00:00Z
FIRM_0050,2023-07-31T00:00:00Z,37363,28791,2022-11-30T00:00:00Z
FIRM_0018,2021-06-30T00:00:00Z,34512,41124,2021-11-30T00:00:00Z
FIRM_0033,2023-06-30T00:00:00Z,10338,20936,2022-07-31T00:00:00Z
FIRM_0054,2023-05-31T00:00:00Z,25935,35530,2023-10-31T00:00:00Z
FIRM_0072,2023-06-30T00:00:00Z,46362,22995,2023-05-31T00:00:00Z
FIRM_0011,2022-08-31T00:00:00Z,12439,45144,2023-07-31T00:00:00Z
FIRM_0085,2021-03-31T00:00:00Z,33859,7739,2021-04-30T00:00:00Z
FIRM_0045,2023-10-31T00:00:00Z,19588,36772,2023-03-31T00:00:00Z
FIRM_0066,2021-06-30T00:00:00Z,8087,27084,2023-03-31T00:00:00Z
FIRM_0043,2021-03-31T00:00:00Z,15003,11467,2023-12-31T00:00:00Z
FIRM_0061,2023-10-31T00:00:00Z,27231,8986,2021-07-31T00:00:00Z
FIRM_0055,2022-11-30T00:00:00Z,30532,39868,2023-09-30T00:00:00Z
FIRM_0084,2022-05-31T00:00:00Z,16371,45178,2022-09-30T00:00:00Z
FIRM_0056,2022-08-31T00:00:00Z,15786,15045,2023-11-30T00:00:00Z
FIRM_0074,2021-07-31T00:00:00Z,48953,42936,2023-05-31T00:00:00Z
FIRM_0015,2023-10-31T00:00:00Z,39407,5187,2023-08-31T00:00:00Z
FIRM_0069,2021-05-31T00:00:00Z,34651,21605,2022-12-31T00:00:00Z
FIRM_0035,2023-03-31T00:00:00Z,41622,49436,2023-07-31T00:00:00Z
FIRM_0065,2023-09-30T00:00:00Z,17255,45041,2023-01-31T00:00:00Z
FIRM_0086,2023-12-31T00:00:00Z,23666,9334,2022-06-30T00:00:00Z
FIRM_0007,2022-05-31T00:00:00Z,44947,4210,2022-08-31T00:00:00Z
FIRM_0023,2021-01-31T00:00:00Z,46031,32991,2021-07-31T00:00:00Z
FIRM_0094,2021-12-31T00:00:00Z,23988,9319,2022-04-30T00:00:00Z
FIRM_0011,2022-08-31T00:00:00Z,47547,8985,2022-06-30T00:00:00Z
FIRM_0020,2023-09-30T00:00:00Z,28665,32345,2022-03-31T00:00:00Z
FIRM_0063,2021-12-31T00:00:00Z,33085,37944,2023-02-28T00:00:00Z
FIRM_0056,2022-02-28T00:00:00Z,14196,17803,2022-05-31T00:00:00Z
FIRM_0042,2022-04-30T00:00:00Z,21148,28520,2021-06-30T00:00:00Z
FIRM_0089,2022-05-31T00:00:00Z,7003,3762,2024-01-31T00:00:00Z
FIRM_0064,2022-08-31T00:00:00Z,49781,16415,2021-06-30T00:00:00Z
FIRM_0099,2022-01-31T00:00:00Z,19484,26311,2022-10-31T00:00:00Z
FIRM_0042,2022-07-31T00:00:00Z,10887,46032,2023-01-31T00:00:00Z
FIRM_0052,2023-06-30T00:00:00Z,18704,33054,2023-11-30T00:00:00Z
FIRM_0085,2022-10-31T00:00:00Z,8206,29814,2021-07-31T00:00:00Z
FIRM_0040,2023-06-30T00:00:00Z,3940,24192,2022-04-30T00:00:00Z
FIRM_0002,2023-08-31T00:00:00Z,22699,26513,2022-05-31T00:00:00Z
FIRM_0044,2022-11-30T00:00:00Z,4805,33067,2023-03-31T00:00:00Z
FIRM_0070,2023-07-31T00:00:00Z,2714,25380,2021-07-31T00:00:00Z
FIRM_0095,2022-01-31T00:00:00Z,18383,12454,2023-02-28T00:00:00Z
FIRM_0022,2023-02-28T00:00:00Z,11603,24727,2023-12-31T00:00:00Z
FIRM_0048,2023-02-28T00:00:00Z,13527,43116,2022-05-31T00:00:00Z
FIRM_0051,2021-12-31T00:00:00Z,15796,5691,2022-11-30T00:00:00Z
FIRM_0076,2023-07-31T00:00:00Z,29224,42848,2023-08-31T00:00:00Z
FIRM_0032,2023-04-30T00:00:00Z,35765,23926,2023-03-31T00:00:00Z
FIRM_0099,2022-11-30T00:00:00Z,24919,4930,2023-06-30T00:00:00Z
FIRM_0015,2022-10-31T00:00:00Z,2209,15544,2023-05-31T00:00:00Z
FIRM_0079,2023-10-31T00:00:00Z,42293,36439,2022-09-30T00:00:00Z
FIRM_0092,2023-10-31T00:00:00Z,30795,9340,2023-06-30T00:00:00Z
FIRM_0081,2022-05-31T00:00:00Z,9166,30927,2022-01-31T00:00:00Z
FIRM_0012,2022-10-31T00:00:00Z,11817,44127,2023-08-31T00:00:00Z
FIRM_0081,2021-04-30T00:00:00Z,37269,48599,2021-03-31T00:00:00Z
FIRM_0045,2023-05-31T00:00:00Z,21684,25306,2023-07-31T00:00:00Z
FIRM_0018,2021-08-31T00:00:00Z,36634,28241,2023-12-31T00:00:00Z
FIRM_0058,2021-11-30T00:00:00Z,17138,1204,2021-02-28T00:00:00Z
FIRM_0008,2021-02-28T00:00:00Z,10547,6269,2023-09-30T00:00:00Z
FIRM_0060,2021-01-31T00:00:00Z,32395,33530,2021-10-31T00:00:00Z
FIRM_0015,2021-08-31T00:00:00Z,25128,42325,2021-06-30T00:00:00Z
FIRM_0071,2022-11-30T00:00:00Z,1095,20274,2022-07-31T00:00:00Z
FIRM_0048,2021-12-31T00:00:00Z,36967,6496,2021-12-31T00:00:00Z
FIRM_0017,2022-06-30T00:00:00Z,11363,36277,2022-01-31T00:00:00Z
FIRM_0033,2021-07-31T00:00:00Z,43001,7854,2022-07-31T00:00:00Z
FIRM_0063,2022-08-31T00:00:00Z,38566,29287,2023-11-30T00:00:00Z
FIRM_0060,2023-09-30T00:00:00Z,8745,49601,2022-11-30T00:00:00Z
FIRM_0046,2021-06-30T00:00:00Z,26399,26704,2021-06-30T00:00:00Z
FIRM_0002,2022-01-31T00:00:00Z,1894,19653,2022-03-31T00:00:00Z
FIRM_0093,2022-07-31T00:00:00Z,24522,23719,2022-08-31T00:00:00Z
FIRM_0093,2023-11-30T00:00:00Z,8828,9175,2021-03-31T00:00:00Z
FIRM_0065,2023-08-31T00:00:00Z,2485,12594,2021-09-30T00:00:00Z
FIRM_0041,2023-09-30T00:00:00Z,43015,1255,2022-05-31T00:00:00Z
FIRM_0028,2023-01-31T00:00:00Z,6873,43772,2023-06-30T00:00:00Z
FIRM_0096,2022-03-31T00:00:00Z,2918,43379,2022-06-30T00:00:00Z
FIRM_0079,2021-08-31T00:00:00Z,29188,44651,2023-03-31T00:00:00Z
FIRM_0098,2023-02-28T00:00:00Z,15331,47836,2021-12-31T00:00:00Z
FIRM_0096,2021-06-30T00:00:00Z,21752,9804,2023-02-28T00:00:00Z
FIRM_0019,2022-09-30T00:00:00Z,16571,29916,2022-07-31T00:00:00Z
FIRM_0074,2021-09-30T00:00:00Z,16844,14304,2023-04-30T00:00:00Z
FIRM_0059,2023-11-30T00:00:00Z,43168,46035,2021-12-31T00:00:00Z
FIRM_0041,2023-06-30T00:00:00Z,25804,5354,2022-09-30T00:00:00Z
FIRM_0069,2022-12-31T00:00:00Z,15748,4453,2022-04-30T00:00:00Z
FIRM_0096,2022-01-31T00:00:00Z,4881,5180,2021-06-30T00:00:00Z
FIRM_0045,2023-12-31T00:00:00Z,22436,6408,2021-06-30T00:00:00Z
FIRM_0007,2023-05-31T00:00:00Z,21555,2147,2022-03-31T00:00:00Z
FIRM_0021,2022-06-30T00:00:00Z,3219,21329,2023-04-30T00:00:00Z
FIRM_0095,2022-08-31T00:00:00Z,11639,29356,2023-12-31T00:00:00Z
FIRM_0081,2022-03-31T00:00:00Z,11443,13673,2023-01-31T00:00:00Z
FIRM_0035,2023-02-28T00:00:00Z,22898,13599,2021-02-28T00:00:00Z
FIRM_0079,2021-07-31T00:00:00Z,49385,32471,2021-11-30T00:00:00Z
FIRM_0062,2023-07-31T00:00:00Z,3559,24798,2022-01-31T00:00:00Z
FIRM_0031,2021-09-30T00:00:00Z,33502,17602,2023-10-31T00:00:00Z
FIRM_0039,2022-07-31T00:00:00Z,33027,1572,2021-11-30T00:00:00Z
FIRM_0018,2023-07-31T00:00:00Z,17377,43885,2022-07-31T00:00:00Z
FIRM_0007,2022-08-31T00:00:00Z,4111,35148,2022-12-31T00:00:00Z
FIRM_0022,2022-10-31T00:00:00Z,9585,49277,2021-08-31T00:00:00Z
FIRM_0091,2021-06-30T00:00:00Z,15568,28897,2023-03-31T00:00:00Z
FIRM_0071,2021-07-31T00:00:00Z,37809,24625,2021-12-31T00:00:00Z
FIRM_0074,2022-03-31T00:00:00Z,20044,4609,2021-10-31T00:00:00Z
FIRM_0009,2022-05-31T00:00:00Z,20270,8934,2022-10-31T00:00:00Z
FIRM_0012,2022-10-31T00:00:00Z,8421,22436,2021-05-31T00:00:00Z
FIRM_0030,2022-03-31T00:00:00Z,46423,49106,2023-01-31T00:00:00Z
FIRM_0098,2023-03-31T00:00:00Z,6963,30498,2021-06-30T00:00:00Z
FIRM_0020,2022-04-30T00:00:00Z,25231,24657,2022-07-31T00:00:00Z
FIRM_0051,2021-02-28T00:00:00Z,42380,14151,2022-11-30T00:00:00Z
FIRM_0096,2022-07-31T00:00:00Z,6498,9190,2022-09-30T00:00:00Z
FIRM_0051,2021-12-31T00:00:00Z,3973,47507,2023-08-31T00:00:00Z
FIRM_0017,2021-07-31T00:00:00Z,47384,32369,2023-04-30T00:00:00Z
FIRM_0058,2022-05-31T00:00:00Z,28352,27716,2021-08-31T00:00:00Z
FIRM_0092,2022-07-31T00:00:00Z,32464,19267,2021-04-30T00:00:00Z
FIRM_0011,2022-08-31T00:00:00Z,26667,6995,2021-11-30T00:00:00Z
FIRM_0082,2023-03-31T00:00:00Z,6581,41698,2023-10-31T00:00:00Z
FIRM_0097,2021-08-31T00:00:00Z,39211,48408,2022-05-31T00:00:00Z
FIRM_0024,2023-01-31T00:00:00Z,35480,31660,2022-01-31T00:00:00Z
FIRM_0004,2021-08-31T00:00:00Z,30252,7749,2022-12-31T00:00:00Z
FIRM_0031,2022-10-31T00:00:00Z,32911,14473,2021-04-30T00:00:00Z
FIRM_0032,2022-02-28T00:00:00Z,39135,14661,2021-04-30T00:00:00Z
FIRM_0016,2022-08-31T00:00:00Z,36903,2070,2023-09-30T00:00:00Z
FIRM_0062,2023-07-31T00:00:00Z,20986,29204,2023-08-31T00:00:00Z
FIRM_0074,2021-11-30T00:00:00Z,27489,18421,2021-09-30T00:00:00Z
FIRM_0057,2021-12-31T00:00:00Z,5427,20393,2023-01-31T00:00:00Z
FIRM_0090,2022-04-30T00:00:00Z,46610,39567,2022-09-30T00:00:00Z
FIRM_0100,2022-11-30T00:00:00Z,4951,2456,2021-12-31T00:00:00Z
FIRM_0067,2023-11-30T00:00:00Z,19297,18250,2023-07-31T00:00:00Z
FIRM_0093,2023-12-31T00:00:00Z,5707,32763,2021-05-31T00:00:00Z
FIRM_0047,2021-09-30T00:00:00Z,3295,36112,2022-05-31T00:00:00Z
FIRM_0040,2021-07-31T00:00:00Z,6456,21650,2021-08-31T00:00:00Z
FIRM_0048,2023-02-28T00:00:00Z,46033,38205,2022-03-31T00:00:00Z
FIRM_0091,2022-12-31T00:00:00Z,42522,6682,2022-12-31T00:00:00Z
FIRM_0079,2022-02-28T00:00:00Z,12420,5864,2022-05-31T00:00:00Z
FIRM_0023,2021-05-31T00:00:00Z,4035,37216,2022-04-30T00:00:00Z
FIRM_0066,2021-09-30T00:00:00Z,11378,9580,2023-08-31T00:00:00Z
FIRM_0035,2022-05-31T00:00:00Z,10965,31367,2023-02-28T00:00:00Z
FIRM_0082,2021-08-31T00:00:00Z,45869,4327,2023-04-30T00:00:00Z
FIRM_0059,2021-09-30T00:00:00Z,34726,46896,2022-12-31T00:00:00Z
FIRM_0071,2023-10-31T00:00:00Z,7052,47198,2022-12-31T00:00:00Z
FIRM_0089,2023-10-31T00:00:00Z,28901,40086,2023-12-31T00:00:00Z
FIRM_0009,2021-10-31T00:00:00Z,8802,32089,2023-12-31T00:00:00Z
FIRM_0060,2021-01-31T00:00:00Z,42796,26724,2021-04-30T00:00:00Z
FIRM_0042,2023-08-31T00:00:00Z,42017,31966,2021-05-31T00:00:00Z
FIRM_0009,2022-10-31T00:00:00Z,41650,40670,2022-05-31T00:00:00Z
FIRM_0057,2023-07-31T00:00:00Z,2882,23880,2023-09-30T00:00:00Z
FIRM_0059,2022-11-30T00:00:00Z,3988,43854,2023-11-30T00:00:00Z
FIRM_0100,2023-01-31T00:00:00Z,40042,47016,2022-11-30T00:00:00Z
FIRM_0076,2023-05-31T00:00:00Z,49403,1265,2022-12-31T00:00:00Z
FIRM_0056,2023-09-30T00:00:00Z,45860,38433,2021-07-31T00:00:00Z
FIRM_0060,2021-09-30T00:00:00Z,40153,49309,2023-06-30T00:00:00Z
FIRM_0042,2022-10-31T00:00:00Z,48425,43636,2023-03-31T00:00:00Z
FIRM_0013,2023-05-31T00:00:00Z,41596,30343,2024-01-31T00:00:00Z
FIRM_0075,2023-10-31T00:00:00Z,13471,34437,2021-11-30T00:00:00Z
FIRM_0014,2022-10-31T00:00:00Z,14991,16053,2021-09-30T00:00:00Z
FIRM_0048,2023-04-30T00:00:00Z,6877,37801,2022-06-30T00:00:00Z
FIRM_0070,2023-04-30T00:00:00Z,31489,23196,2021-03-31T00:00:00Z
FIRM_0056,2022-02-28T00:00:00Z,26364,16010,2021-03-31T00:00:00Z
FIRM_0075,2022-08-31T00:00:00Z,37260,45679,2023-09-30T00:00:00Z
FIRM_0069,2023-01-31T00:00:00Z,25846,27086,2022-10-31T00:00:00Z
FIRM_0024,2023-06-30T00:00:00Z,5935,42208,2022-09-30T00:00:00Z
FIRM_0091,2021-12-31T00:00:00Z,6595,12980,2022-07-31T00:00:00Z
FIRM_0095,2023-05-31T00:00:00Z,39459,27282,2021-12-31T00:00:00Z
FIRM_0040,2022-12-31T00:00:00Z,40881,39399,2023-08-31T00:00:00Z
FIRM_0095,2022-08-31T00:00:00Z,45913,36992,2024-01-31T00:00:00Z
FIRM_0005,2021-04-30T00:00:00Z,5016,30653,2021-10-31T00:00:00Z
FIRM_0018,2021-10-31T00:00:00Z,30881,22075,2021-11-30T00:00:00Z
FIRM_0005,2021-04-30T00:00:00Z,15449,45368,2022-09-30T00:00:00Z
FIRM_0082,2021-12-31T00:00:00Z,42483,48388,2022-10-31T00:00:00Z
FIRM_0077,2023-09-30T00:00:00Z,5599,29739,2023-05-31T00:00:00Z
FIRM_0090,2023-02-28T00:00:00Z,36427,49440,2022-07-31T00:00:00Z
FIRM_0085,2022-02-28T00:00:00Z,42446,16641,2023-01-31T00:00:00Z
FIRM_0014,2023-01-31T00:00:00Z,3672,29306,2021-12-31T00:00:00Z
FIRM_0003,2022-09-30T00:00:00Z,46620,1252,2022-07-31T00:00:00Z
FIRM_0022,2023-12-31T00:00:00Z,14463,44501,2023-08-31T00:00:00Z
FIRM_0031,2022-08-31T00:00:00Z,17807,29025,2021-07-31T00:00:00Z
FIRM_0021,2021-12-31T00:00:00Z,41316,19322,2022-04-30T00:00:00Z
FIRM_0100,2022-08-31T00:00:00Z,14170,38343,2021-10-31T00:00:00Z
FIRM_0006,2021-12-31T00:00:00Z,4240,40160,2023-04-30T00:00:00Z
FIRM_0044,2021-01-31T00:00:00Z,10054,30903,2023-12-31T00:00:00Z
FIRM_0024,2022-05-31T00:00:00Z,44163,43743,2022-09-30T00:00:00Z
FIRM_0091,2023-09-30T00:00:00Z,19768,4078,2021-09-30T00:00:00Z
FIRM_0081,2023-11-30T00:00:00Z,35112,17891,2022-07-31T00:00:00Z
FIRM_0042,2023-12-31T00:00:00Z,34095,12353,2021-02-28T00:00:00Z
FIRM_0092,2021-12-31T00:00:00Z,35152,16595,2021-04-30T00:00:00Z
FIRM_0033,2022-04-30T00:00:00Z,11329,48088,2021-06-30T00:00:00Z
FIRM_0016,2021-02-28T00:00:00Z,34744,4034,2021-11-30T00:00:00Z
FIRM_0094,2022-04-30T00:00:00Z,44837,7379,2024-01-31T00:00:00Z
FIRM_0013,2021-06-30T00:00:00Z,39352,41258,2023-05-31T00:00:00Z
FIRM_0002,2023-11-30T00:00:00Z,6287,27315,2022-03-31T00:00:00Z
FIRM_0044,2023-08-31T00:00:00Z,2093,19302,2023-12-31T00:00:00Z
FIRM_0073,2021-06-30T00:00:00Z,34720,19067,2022-10-31T00:00:00Z
FIRM_0098,2023-07-31T00:00:00Z,45045,5500,2021-11-30T00:00:00Z
FIRM_0032,2021-09-30T00:00:00Z,44673,33546,2022-06-30T00:00:00Z
FIRM_0095,2021-10-31T00:00:00Z,13564,22038,2022-12-31T00:00:00Z
FIRM_0056,2022-01-31T00:00:00Z,2686,44547,2021-03-31T00:00:00Z
FIRM_0043,2022-11-30T00:00:00Z,16656,10884,2021-07-31T00:00:00Z
FIRM_0006,2023-11-30T00:00:00Z,18674,9541,2023-04-30T00:00:00Z
FIRM_0003,2023-07-31T00:00:00Z,38138,11698,2023-04-30T00:00:00Z
FIRM_0063,2022-09-30T00:00:00Z,6084,48758,2022-09-30T00:00:00Z
FIRM_0046,2021-04-30T00:00:00Z,36231,5352,2021-10-31T00:00:00Z
FIRM_0046,2021-06-30T00:00:00Z,13769,47957,2021-02-28T00:00:00Z
FIRM_0029,2023-06-30T00:00:00Z,30014,15243,2023-05-31T00:00:00Z
FIRM_0065,2022-12-31T00:00:00Z,7097,18064,2022-12-31T00:00:00Z
FIRM_0014,2021-06-30T00:00:00Z,5915,26139,2022-07-31T00:00:00Z
FIRM_0019,2021-03-31T00:00:00Z,6338,31689,2023-10-31T00:00:00Z
FIRM_0017,2023-01-31T00:00:00Z,2982,6349,2021-08-31T00:00:00Z
FIRM_0020,2022-09-30T00:00:00Z,24317,40989,2022-03-31T00:00:00Z
FIRM_0076,2022-09-30T00:00:00Z,29417,48080,2024-01-31T00:00:00Z
FIRM_0061,2021-07-31T00:00:00Z,7010,5558,2021-11-30T00:00:00Z
FIRM_0014,2023-04-30T00:00:00Z,15090,4646,2021-11-30T00:00:00Z
FIRM_0034,2021-05-31T00:00:00Z,38385,48175,2023-06-30T00:00:00Z
FIRM_0016,2021-10-31T00:00:00Z,31743,27645,2022-02-28T00:00:00Z
FIRM_0070,2021-04-30T00:00:00Z,14407,12286,2022-08-31T00:00:00Z
FIRM_0053,2021-10-31T00:00:00Z,22316,45833,2022-12-31T00:00:00Z
FIRM_0095,2023-05-31T00:00:00Z,28757,22255,2022-06-30T00:00:00Z
FIRM_0037,2022-09-30T00:00:00Z,40384,22211,2021-02-28T00:00:00Z
FIRM_0056,2021-12-31T00:00:00Z,41723,49409,2022-06-30T00:00:00Z
FIRM_0086,2021-07-31T00:00:00Z,16157,22004,2023-08-31T00:00:00Z
FIRM_0100,2023-05-31T00:00:00Z,44123,41409,2022-03-31T00:00:00Z
FIRM_0071,2023-07-31T00:00:00Z,18569,31320,2023-01-31T00:00:00Z
FIRM_0014,2021-01-31T00:00:00Z,1526,48858,2023-03-31T00:00:00Z
FIRM_0065,2021-09-30T00:00:00Z,32516,22607,2021-08-31T00:00:00Z
FIRM_0021,2022-08-31T00:00:00Z,18400,17470,2021-06-30T00:00:00Z
FIRM_0050,2021-08-31T00:00:00Z,22171,22684,2023-01-31T00:00:00Z
FIRM_0034,2023-07-31T00:00:00Z,17435,22546,2021-07-31T00:00:00Z
FIRM_0029,2022-02-28T00:00:00Z,14139,24958,2021-11-30T00:00:00Z
FIRM_0045,2022-02-28T00:00:00Z,42417,49238,2023-09-30T00:00:00Z
FIRM_0034,2023-02-28T00:00:00Z,37237,25031,2023-11-30T00:00:00Z
FIRM_0092,2021-02-28T00:00:00Z,28653,37230,2022-09-30T00:00:00Z
FIRM_0073,2022-08-31T00:00:00Z,37451,44885,2023-04-30T00:00:00Z
FIRM_0030,2023-04-30T00:00:00Z,15024,33716,2024-01-31T00:00:00Z
FIRM_0003,2021-11-30T00:00:00Z,40255,6915,2023-07-31T00:00:00Z
FIRM_0084,2022-09-30T00:00:00Z,35411,10946,2021-02-28T00:00:00Z
FIRM_0079,2023-02-28T00:00:00Z,37377,25954,2023-04-30T00:00:00Z
FIRM_0062,2022-10-31T00:00:00Z,44474,12406,2021-06-30T00:00:00Z
FIRM_0033,2022-07-31T00:00:00Z,46306,35651,2023-12-31T00:00:00Z
FIRM_0029,2023-03-31T00:00:00Z,26766,14462,2022-05-31T00:00:00Z
FIRM_0007,2021-11-30T00:00:00Z,25884,44527,2023-03-31T00:00:00Z
FIRM_0011,2022-10-31T00:00:00Z,27335,7459,2021-05-31T00:00:00Z
FIRM_0099,2023-04-30T00:00:00Z,2808,16159,2021-02-28T00:00:00Z
FIRM_0098,2021-02-28T00:00:00Z,23305,14214,2023-12-31T00:00:00Z
FIRM_0062,2023-08-31T00:00:00Z,35369,7384,2022-06-30T00:00:00Z
FIRM_0095,2022-08-31T00:00:00Z,10549,21099,2022-11-30T00:00:00Z
FIRM_0015,2021-01-31T00:00:00Z,47514,29539,2023-06-30T00:00:00Z
FIRM_0032,2023-01-31T00:00:00Z,30522,22072,2022-12-31T00:00:00Z
FIRM_0088,2023-07-31T00:00:00Z,29825,31090,2022-01-31T00:00:00Z
FIRM_0080,2021-12-31T00:00:00Z,30219,14978,2022-06-30T00:00:00Z
FIRM_0094,2021-08-31T00:00:00Z,46588,47412,2024-01-31T00:00:00Z
FIRM_0030,2021-03-31T00:00:00Z,22078,40229,2023-01-31T00:00:00Z
FIRM_0079,2023-09-30T00:00:00Z,4060,43153,2021-06-30T00:00:00Z
FIRM_0020,2022-05-31T00:00:00Z,34907,29165,2023-05-31T00:00:00Z
FIRM_0020,2023-11-30T00:00:00Z,11607,35473,2022-06-30T00:00:00Z
FIRM_0081,2022-09-30T00:00:00Z,7775,47583,2022-02-28T00:00:00Z
FIRM_0009,2021-10-31T00:00:00Z,5531,47261,2023-11-30T00:00:00Z
FIRM_0041,2022-02-28T00:00:00Z,21810,29115,2021-06-30T00:00:00Z
FIRM_0024,2022-03-31T00:00:00Z,16769,14876,2024-01-31T00:00:00Z
FIRM_0090,2021-08-31T00:00:00Z,24377,35242,2021-05-31T00:00:00Z
FIRM_0056,2021-11-30T00:00:00Z,38365,25316,2022-07-31T00:00:00Z
FIRM_0079,2021-09-30T00:00:00Z,30583,12717,2021-11-30T00:00:00Z
FIRM_0088,2023-09-30T00:00:00Z,32386,38087,2022-11-30T00:00:00Z
FIRM_0015,2023-02-28T00:00:00Z,8977,10882,2023-09-30T00:00:00Z
FIRM_0052,2022-05-31T00:00:00Z,7718,9467,2024-01-31T00:00:00Z
FIRM_0019,2023-03-31T00:00:00Z,1901,34049,2023-06-30T00:00:00Z
FIRM_0079,2022-10-31T00:00:00Z,3174,27670,2022-04-30T00:00:00Z
FIRM_0075,2021-08-31T00:00:00Z,15474,10066,2021-10-31T00:00:00Z
FIRM_0003,2021-08-31T00:00:00Z,35162,29978,2022-06-30T00:00:00Z
FIRM_0004,2022-08-31T00:00:00Z,15792,24994,2021-04-30T00:00:00Z
FIRM_0044,2021-09-30T00:00:00Z,2169,31638,2023-10-31T00:00:00Z
FIRM_0063,2021-06-30T00:00:00Z,9693,29629,2022-04-30T00:00:00Z
FIRM_0081,2021-08-31T00:00:00Z,9767,6739,2021-08-31T00:00:00Z
FIRM_0095,2022-03-31T00:00:00Z,24486,32692,2023-08-31T00:00:00Z
FIRM_0042,2022-09-30T00:00:00Z,43280,28977,2021-06-30T00:00:00Z
FIRM_0085,2023-05-31T00:00:00Z,18979,41032,2022-08-31T00:00:00Z
FIRM_0026,2023-02-28T00:00:00Z,39070,20381,2023-08-31T00:00:00Z
FIRM_0020,2022-12-31T00:00:00Z,14942,49969,2023-03-31T00:00:00Z
FIRM_0076,2023-12-31T00:00:00Z,7932,2407,2022-02-28T00:00:00Z
FIRM_0030,2021-03-31T00:00:00Z,6192,24818,2023-10-31T00:00:00Z
FIRM_0041,2021-09-30T00:00:00Z,2446,38199,2022-07-31T00:00:00Z
FIRM_0009,2021-09-30T00:00:00Z,22572,10994,2023-02-28T00:00:00Z
FIRM_0016,2021-01-31T00:00:00Z,28114,4115,2022-02-28T00:00:00Z
FIRM_0074,2023-03-31T00:00:00Z,44558,5782,2021-03-31T00:00:00Z
FIRM_0017,2023-12-31T00:00:00Z,20144,18941,2022-01-31T00:00:00Z
FIRM_0084,2022-03-31T00:00:00Z,11855,4175,2021-10-31T00:00:00Z
FIRM_0075,2021-07-31T00:00:00Z,23001,39326,2023-10-31T00:00:00Z
FIRM_0042,2023-11-30T00:00:00Z,45495,34338,2021-12-31T00:00:00Z
FIRM_0026,2023-07-31T00:00:00Z,15773,6043,2022-09-30T00:00:00Z
FIRM_0082,2023-08-31T00:00:00Z,26448,32759,2023-12-31T00:00:00Z
FIRM_0009,2021-07-31T00:00:00Z,40712,47042,2021-11-30T00:00:00Z
FIRM_0068,2021-05-31T00:00:00Z,35808,31784,2021-09-30T00:00:00Z
FIRM_0070,2021-06-30T00:00:00Z,1760,27920,2023-03-31T00:00:00Z
FIRM_0009,2021-11-30T00:00:00Z,19219,34759,2023-01-31T00:00:00Z
FIRM_0088,2021-09-30T00:00:00Z,46607,19640,2022-04-30T00:00:00Z
FIRM_0065,2022-10-31T00:00:00Z,45234,18566,2022-03-31T00:00:00Z
FIRM_0057,2021-11-30T00:00:00Z,27193,35417,2022-12-31T00:00:00Z
FIRM_0044,2021-06-30T00:00:00Z,13367,39745,2024-01-31T00:00:00Z
FIRM_0083,2022-09-30T00:00:00Z,31764,48004,2021-06-30T00:00:00Z
FIRM_0010,2021-12-31T00:00:00Z,5703,36120,2022-10-31T00:00:00Z
FIRM_0050,2022-08-31T00:00:00Z,15680,37318,2023-11-30T00:00:00Z
FIRM_0050,2023-01-31T00:00:00Z,42927,49013,2021-07-31T00:00:00Z
FIRM_0073,2021-06-30T00:00:00Z,46786,18116,2024-01-31T00:00:00Z
FIRM_0015,2023-10-31T00:00:00Z,34065,23764,2023-07-31T00:00:00Z
FIRM_0045,2021-02-28T00:00:00Z,47743,32455,2022-02-28T00:00:00Z
FIRM_0068,2022-12-31T00:00:00Z,23961,46885,2021-04-30T00:00:00Z
FIRM_0057,2021-12-31T00:00:00Z,34981,36778,2023-09-30T00:00:00Z
FIRM_0031,2022-07-31T00:00:00Z,12927,43680,2021-05-31T00:00:00Z
FIRM_0059,2022-11-30T00:00:00Z,21719,7348,2022-12-31T00:00:00Z
FIRM_0081,2022-01-31T00:00:00Z,33759,6049,2021-07-31T00:00:00Z
FIRM_0063,2022-02-28T00:00:00Z,25779,24171,2021-09-30T00:00:00Z
FIRM_0066,2022-08-31T00:00:00Z,32366,47802,2021-05-31T00:00:00Z
FIRM_0011,2021-06-30T00:00:00Z,4948,32256,2022-12-31T00:00:00Z
FIRM_0052,2021-07-31T00:00:00Z,22054,8248,2022-07-31T00:00:00Z
FIRM_0085,2022-12-31T00:00:00Z,48685,16868,2022-02-28T00:00:00Z
FIRM_0095,2022-04-30T00:00:00Z,1928,19080,2022-11-30T00:00:00Z
FIRM_0005,2022-03-31T00:00:00Z,11455,2352,2023-06-30T00:00:00Z
FIRM_0099,2021-08-31T00:00:00Z,5093,28797,2022-05-31T00:00:00Z
FIRM_0005,2022-04-30T00:00:00Z,41996,3506,2021-08-31T00:00:00Z
FIRM_0062,2022-08-31T00:00:00Z,40607,32558,2021-03-31T00:00:00Z
FIRM_0051,2022-04-30T00:00:00Z,4003,34480,2023-07-31T00:00:00Z
FIRM_0064,2023-02-28T00:00:00Z,15758,10862,2023-10-31T00:00:00Z
FIRM_0099,2023-01-31T00:00:00Z,5902,47249,2021-05-31T00:00:00Z
FIRM_0088,2021-07-31T00:00:00Z,31351,16897,2021-05-31T00:00:00Z
FIRM_0002,2022-03-31T00:00:00Z,14508,23226,2022-10-31T00:00:00Z
FIRM_0010,2021-09-30T00:00:00Z,49577,26982,2023-09-30T00:00:00Z
FIRM_0019,2022-03-31T00:00:00Z,5624,30856,2022-12-31T00:00:00Z
FIRM_0016,2023-09-30T00:00:00Z,20999,32310,2022-03-31T00:00:00Z
FIRM_0041,2023-09-30T00:00:00Z,24878,20785,2023-03-31T00:00:00Z
FIRM_0072,2022-02-28T00:00:00Z,34294,1168,2023-06-30T00:00:00Z
FIRM_0065,2021-07-31T00:00:00Z,38762,26037,2021-12-31T00:00:00Z
FIRM_0007,2023-04-30T00:00:00Z,49413,41845,2021-07-31T00:00:00Z
FIRM_0019,2021-06-30T00:00:00Z,8276,44937,2021-07-31T00:00:00Z
FIRM_0009,2021-02-28T00:00:00Z,2843,6367,2022-11-30T00:00:00Z
FIRM_0044,2023-02-28T00:00:00Z,39045,20691,2022-05-31T00:00:00Z
FIRM_0029,2022-12-31T00:00:00Z,13052,2913,2022-08-31T00:00:00Z
FIRM_0099,2021-06-30T00:00:00Z,48639,25856,2022-10-31T00:00:00Z
FIRM_0095,2022-03-31T00:00:00Z,32676,34639,2022-02-28T00:00:00Z
FIRM_0072,2022-01-31T00:00:00Z,35589,23180,2021-10-31T00:00:00Z
FIRM_0048,2023-02-28T00:00:00Z,30291,41462,2023-03-31T00:00:00Z
FIRM_0053,2023-01-31T00:00:00Z,11094,36473,2021-12-31T00:00:00Z
FIRM_0051,2021-02-28T00:00:00Z,34640,40940,2021-05-31T00:00:00Z
FIRM_0085,2023-07-31T00:00:00Z,19029,38505,2023-11-30T00:00:00Z
FIRM_0074,2022-03-31T00:00:00Z,40067,43217,2023-10-31T00:00:00Z
FIRM_0058,2021-06-30T00:00:00Z,15819,48674,2022-06-30T00:00:00Z
FIRM_0003,2023-06-30T00:00:00Z,26874,8443,2021-04-30T00:00:00Z
FIRM_0057,2023-07-31T00:00:00Z,48157,29458,2021-10-31T00:00:00Z
FIRM_0035,2021-12-31T00:00:00Z,18597,30493,2023-03-31T00:00:00Z
FIRM_0056,2023-02-28T00:00:00Z,5856,45140,2022-07-31T00:00:00Z
FIRM_0081,2021-02-28T00:00:00Z,43356,9680,2022-09-30T00:00:00Z
FIRM_0061,2021-03-31T00:00:00Z,25692,29997,2022-10-31T00:00:00Z
FIRM_0073,2022-06-30T00:00:00Z,49835,9604,2023-06-30T00:00:00Z
FIRM_0093,2022-02-28T00:00:00Z,3092,42164,2023-05-31T00:00:00Z
FIRM_0043,2021-08-31T00:00:00Z,13082,11340,2023-03-31T00:00:00Z
FIRM_0025,2023-10-31T00:00:00Z,4955,45095,2023-05-31T00:00:00Z
FIRM_0018,2021-04-30T00:00:00Z,47729,23367,2022-07-31T00:00:00Z
FIRM_0024,2022-01-31T00:00:00Z,17253,48302,2024-01-31T00:00:00Z
FIRM_0087,2023-11-30T00:00:00Z,30795,22407,2023-12-31T00:00:00Z
FIRM_0064,2022-03-31T00:00:00Z,45077,46149,2023-02-28T00:00:00Z
FIRM_0017,2023-02-28T00:00:00Z,25785,26406,2023-03-31T00:00:00Z
FIRM_0045,2023-04-30T00:00:00Z,18896,16391,2023-09-30T00:00:00Z
FIRM_0002,2023-12-31T00:00:00Z,14180,15943,2022-03-31T00:00:00Z
FIRM_0027,2023-09-30T00:00:00Z,26908,7883,2021-02-28T00:00:00Z
FIRM_0016,2023-06-30T00:00:00Z,11150,21110,2021-11-30T00:00:00Z
FIRM_0031,2023-01-31T00:00:00Z,30374,15044,2021-11-30T00:00:00Z
FIRM_0017,2022-01-31T00:00:00Z,1408,13414,2023-07-31T00:00:00Z
FIRM_0065,2022-03-31T00:00:00Z,25673,45041,2022-08-31T00:00:00Z
FIRM_0005,2022-06-30T00:00:00Z,43329,22264,2023-12-31T00:00:00Z
FIRM_0037,2021-05-31T00:00:00Z,8866,42040,2021-07-31T00:00:00Z
FIRM_0022,2021-03-31T00:00:00Z,29795,27660,2021-07-31T00:00:00Z
FIRM_0039,2021-05-31T00:00:00Z,32850,15086,2022-06-30T00:00:00Z
FIRM_0062,2023-08-31T00:00:00Z,31317,9267,2022-04-30T00:00:00Z
FIRM_0075,2021-05-31T00:00:00Z,22617,49710,2023-06-30T00:00:00Z
FIRM_0096,2023-02-28T00:00:00Z,33376,36159,2023-08-31T00:00:00Z
FIRM_0050,2023-02-28T00:00:00Z,1023,7998,2022-04-30T00:00:00Z
FIRM_0091,2022-03-31T00:00:00Z,23977,18745,2021-11-30T00:00:00Z
FIRM_0099,2023-12-31T00:00:00Z,42471,33060,2023-07-31T00:00:00Z
FIRM_0096,2023-07-31T00:00:00Z,37227,49844,2024-01-31T00:00:00Z
FIRM_0054,2021-12-31T00:00:00Z,2894,23985,2023-10-31T00:00:00Z
FIRM_0071,2023-04-30T00:00:00Z,43164,47661,2022-06-30T00:00:00Z
FIRM_0087,2023-10-31T00:00:00Z,10140,45177,2022-05-31T00:00:00Z
FIRM_0038,2023-05-31T00:00:00Z,28203,7976,2023-05-31T00:00:00Z
FIRM_0097,2021-12-31T00:00:00Z,4826,42581,2023-02-28T00:00:00Z
FIRM_0073,2023-08-31T00:00:00Z,22233,25430,2022-04-30T00:00:00Z
FIRM_0081,2021-01-31T00:00:00Z,7750,44952,2021-03-31T00:00:00Z
FIRM_0025,2023-04-30T00:00:00Z,2791,16061,2023-09-30T00:00:00Z
FIRM_0003,2023-12-31T00:00:00Z,20090,33167,2023-01-31T00:00:00Z
FIRM_0036,2022-07-31T00:00:00Z,1218,15319,2023-08-31T00:00:00Z
FIRM_0053,2021-05-31T00:00:00Z,19139,26314,2021-06-30T00:00:00Z
FIRM_0068,2023-06-30T00:00:00Z,17571,26316,2022-12-31T00:00:00Z
FIRM_0083,2022-08-31T00:00:00Z,40347,48962,2021-02-28T00:00:00Z
FIRM_0067,2022-12-31T00:00:00Z,4094,40773,2024-01-31T00:00:00Z
FIRM_0033,2021-12-31T00:00:00Z,30326,20478,2022-12-31T00:00:00Z
FIRM_0097,2023-04-30T00:00:00Z,26189,24936,2023-12-31T00:00:00Z
FIRM_0094,2022-09-30T00:00:00Z,15013,29879,2021-05-31T00:00:00Z
FIRM_0031,2021-06-30T00:00:00Z,34770,45229,2024-01-31T00:00:00Z
FIRM_0066,2022-11-30T00:00:00Z,9892,42140,2021-06-30T00:00:00Z
FIRM_0054,2023-02-28T00:00:00Z,34351,7536,2021-08-31T00:00:00Z
FIRM_0089,2021-04-30T00:00:00Z,45933,42422,2023-11-30T00:00:00Z
FIRM_0079,2023-07-31T00:00:00Z,21852,19619,2022-01-31T00:00:00Z
FIRM_0009,2023-11-30T00:00:00Z,23186,29155,2023-05-31T00:00:00Z
FIRM_0084,2022-08-31T00:00:00Z,32932,7312,2022-08-31T00:00:00Z
FIRM_0008,2023-04-30T00:00:00Z,47049,12395,2022-01-31T00:00:00Z
FIRM_0079,2022-04-30T00:00:00Z,23019,47677,2024-01-31T00:00:00Z
FIRM_0016,2022-06-30T00:00:00Z,4809,43049,2022-03-31T00:00:00Z
FIRM_0061,2021-07-31T00:00:00Z,49979,42081,2023-08-31T00:00:00Z
FIRM_0070,2022-09-30T00:00:00Z,23108,42414,2021-05-31T00:00:00Z
FIRM_0044,2022-03-31T00:00:00Z,31652,15946,2023-12-31T00:00:00Z
FIRM_0017,2021-04-30T00:00:00Z,6467,20323,2021-11-30T00:00:00Z
FIRM_0001,2022-05-31T00:00:00Z,46433,8814,2021-02-28T00:00:00Z
FIRM_0088,2022-05-31T00:00:00Z,26310,14561,2023-01-31T00:00:00Z
FIRM_0022,2022-03-31T00:00:00Z,2201,49689,2021-08-31T00:00:00Z
FIRM_0063,2021-10-31T00:00:00Z,39307,24146,2022-10-31T00:00:00Z
FIRM_0069,2023-08-31T00:00:00Z,34405,33103,2022-08-31T00:00:00Z
FIRM_0039,2022-03-31T00:00:00Z,30219,14676,2021-07-31T00:00:00Z
FIRM_0041,2022-12-31T00:00:00Z,20912,20689,2021-10-31T00:00:00Z
FIRM_0030,2022-07-31T00:00:00Z,8391,48625,2021-02-28T00:00:00Z
FIRM_0018,2023-09-30T00:00:00Z,16794,33388,2021-03-31T00:00:00Z
FIRM_0005,2023-10-31T00:00:00Z,41621,23634,2022-04-30T00:00:00Z
FIRM_0009,2021-05-31T00:00:00Z,36265,42850,2023-04-30T00:00:00Z
FIRM_0010,2022-05-31T00:00:00Z,45207,23716,2023-05-31T00:00:00Z
FIRM_0023,2022-05-31T00:00:00Z,28790,36566,2021-03-31T00:00:00Z
FIRM_0056,2021-06-30T00:00:00Z,6629,32984,2021-03-31T00:00:00Z
FIRM_0100,2022-12-31T00:00:00Z,3189,15880,2023-06-30T00:00:00Z
FIRM_0001,2021-04-30T00:00:00Z,27763,24343,2022-10-31T00:00:00Z
FIRM_0064,2021-03-31T00:00:00Z,18407,43543,2022-05-31T00:00:00Z
FIRM_0030,2023-10-31T00:00:00Z,39165,20402,2022-11-30T00:00:00Z
FIRM_0050,2023-01-31T00:00:00Z,44307,33827,2023-02-28T00:00:00Z
FIRM_0071,2022-04-30T00:00:00Z,15070,26229,2023-05-31T00:00:00Z
FIRM_0017,2021-11-30T00:00:00Z,4115,43667,2023-07-31T00:00:00Z
FIRM_0015,2023-11-30T00:00:00Z,16999,13213,2023-08-31T00:00:00Z
FIRM_0082,2022-11-30T00:00:00Z,30098,1218,2021-11-30T00:00:00Z
FIRM_0023,2021-04-30T00:00:00Z,24912,36305,2021-10-31T00:00:00Z
FIRM_0099,2021-12-31T00:00:00Z,10042,27340,2023-09-30T00:00:00Z
FIRM_0055,2022-08-31T00:00:00Z,14509,41338,2023-01-31T00:00:00Z
FIRM_0029,2022-01-31T00:00:00Z,4712,13919,2021-03-31T00:00:00Z
FIRM_0035,2023-04-30T00:00:00Z,49857,46530,2023-02-28T00:00:00Z
FIRM_0005,2021-09-30T00:00:00Z,40692,34623,2023-03-31T00:00:00Z
FIRM_0086,2021-03-31T00:00:00Z,37269,39326,2021-10-31T00:00:00Z
FIRM_0040,2023-08-31T00:00:00Z,46142,4230,2023-10-31T00:00:00Z
FIRM_0007,2023-12-31T00:00:00Z,18010,3321,2021-06-30T00:00:00Z
FIRM_0001,2022-03-31T00:00:00Z,23527,23242,2022-12-31T00:00:00Z
FIRM_0012,2022-07-31T00:00:00Z,3557,27699,2022-10-31T00:00:00Z
FIRM_0008,2023-04-30T00:00:00Z,47029,30744,2021-08-31T00:00:00Z
FIRM_0077,2021-10-31T00:00:00Z,31120,31737,2021-04-30T00:00:00Z
FIRM_0034,2022-11-30T00:00:00Z,35985,9507,2023-03-31T00:00:00Z
FIRM_0002,2023-07-31T00:00:00Z,42580,44400,2022-02-28T00:00:00Z
FIRM_0056,2023-07-31T00:00:00Z,46345,7964,2022-07-31T00:00:00Z
FIRM_0078,2021-07-31T00:00:00Z,1073,36999,2022-06-30T00:00:00Z
FIRM_0096,2021-10-31T00:00:00Z,29965,17345,2023-01-31T00:00:00Z
FIRM_0055,2021-07-31T00:00:00Z,35868,20615,2023-07-31T00:00:00Z
FIRM_0094,2023-04-30T00:00:00Z,8738,5974,2021-11-30T00:00:00Z
FIRM_0051,2023-07-31T00:00:00Z,34054,23549,2022-10-31T00:00:00Z
FIRM_0010,2022-07-31T00:00:00Z,22174,13467,2024-01-31T00:00:00Z
FIRM_0087,2022-03-31T00:00:00Z,5696,31441,2021-09-30T00:00:00Z
FIRM_0085,2022-10-31T00:00:00Z,7333,3867,2021-05-31T00:00:00Z
FIRM_0056,2021-02-28T00:00:00Z,32016,34031,2021-03-31T00:00:00Z
FIRM_0001,2023-04-30T00:00:00Z,12796,42722,2022-07-31T00:00:00Z
FIRM_0026,2023-10-31T00:00:00Z,26220,37212,2023-03-31T00:00:00Z
FIRM_0067,2022-01-31T00:00:00Z,31249,47955,2021-03-31T00:00:00Z
FIRM_0069,2022-02-28T00:00:00Z,49758,5417,2023-02-28T00:00:00Z
FIRM_0093,2021-10-31T00:00:00Z,16018,40104,2021-05-31T00:00:00Z
FIRM_0061,2023-09-30T00:00:00Z,38602,10434,2023-01-31T00:00:00Z
FIRM_0058,2023-06-30T00:00:00Z,24488,23970,2022-10-31T00:00:00Z
FIRM_0094,2022-01-31T00:00:00Z,19310,20835,2021-08-31T00:00:00Z
FIRM_0045,2023-11-30T00:00:00Z,40213,8709,2022-02-28T00:00:00Z
FIRM_0070,2023-06-30T00:00:00Z,17484,36621,2022-11-30T00:00:00Z
FIRM_0071,2022-01-31T00:00:00Z,43463,44180,2022-07-31T00:00:00Z
FIRM_0034,2023-06-30T00:00:00Z,4566,33351,2022-05-31T00:00:00Z
FIRM_0009,2023-04-30T00:00:00Z,9095,3346,2022-07-31T00:00:00Z
FIRM_0073,2021-12-31T00:00:00Z,10921,10476,2021-11-30T00:00:00Z
FIRM_0041,2022-05-31T00:00:00Z,8753,49596,2023-09-30T00:00:00Z
FIRM_0053,2022-11-30T00:00:00Z,45000,24570,2021-07-31T00:00:00Z
FIRM_0013,2022-03-31T00:00:00Z,24192,1754,2021-06-30T00:00:00Z
FIRM_0054,2023-04-30T00:00:00Z,2453,6294,2022-09-30T00:00:00Z
FIRM_0012,2021-09-30T00:00:00Z,37273,42928,2023-03-31T00:00:00Z
FIRM_0077,2022-05-31T00:00:00Z,29348,47013,2021-05-31T00:00:00Z
FIRM_0038,2021-02-28T00:00:00Z,7669,12846,2022-11-30T00:00:00Z
FIRM_0067,2023-04-30T00:00:00Z,17091,6327,2023-10-31T00:00:00Z
FIRM_0087,2022-08-31T00:00:00Z,34442,10888,2021-12-31T00:00:00Z
FIRM_0048,2022-03-31T00:00:00Z,32686,2717,2021-10-31T00:00:00Z
FIRM_0100,2023-02-28T00:00:00Z,39499,34195,2021-07-31T00:00:00Z
FIRM_0042,2022-02-28T00:00:00Z,7201,39232,2022-09-30T00:00:00Z
FIRM_0079,2021-12-31T00:00:00Z,22584,3575,2022-12-31T00:00:00Z
FIRM_0005,2022-08-31T00:00:00Z,37018,23434,2021-10-31T00:00:00Z
FIRM_0024,2022-11-30T00:00:00Z,49212,17488,2021-04-30T00:00:00Z
FIRM_0056,2021-11-30T00:00:00Z,33058,14853,2021-06-30T00:00:00Z
FIRM_0051,2022-02-28T00:00:00Z,42822,47059,2023-02-28T00:00:00Z
FIRM_0041,2022-03-31T00:00:00Z,11293,3229,2021-02-28T00:00:00Z
FIRM_0036,2023-07-31T00:00:00Z,11277,41555,2023-02-28T00:00:00Z
FIRM_0100,2023-12-31T00:00:00Z,34451,18057,2022-03-31T00:00:00Z
FIRM_0098,2021-11-30T00:00:00Z,39417,37811,2023-08-31T00:00:00Z
FIRM_0011,2022-03-31T00:00:00Z,38258,20310,2023-07-31T00:00:00Z
FIRM_0009,2023-06-30T00:00:00Z,11040,19692,2021-03-31T00:00:00Z
FIRM_0077,2021-05-31T00:00:00Z,19840,19406,2023-04-30T00:00:00Z
FIRM_0070,2021-12-31T00:00:00Z,32560,6559,2021-10-31T00:00:00Z
FIRM_0096,2023-05-31T00:00:00Z,42045,45195,2023-02-28T00:00:00Z
FIRM_0044,2021-12-31T00:00:00Z,9549,1045,2023-02-28T00:00:00Z
FIRM_0057,2023-07-31T00:00:00Z,14102,40949,2023-12-31T00:00:00Z
FIRM_0047,2023-03-31T00:00:00Z,3484,8536,2021-04-30T00:00:00Z
FIRM_0029,2023-06-30T00:00:00Z,16539,27631,2022-09-30T00:00:00Z
FIRM_0028,2022-05-31T00:00:00Z,47388,32336,2023-06-30T00:00:00Z
FIRM_0046,2023-11-30T00:00:00Z,16542,44557,2021-05-31T00:00:00Z
FIRM_0056,2023-01-31T00:00:00Z,34998,31327,2023-07-31T00:00:00Z
FIRM_0064,2023-03-31T00:00:00Z,10714,3079,2024-01-31T00:00:00Z
FIRM_0030,2022-07-31T00:00:00Z,36403,10242,2022-03-31T00:00:00Z
FIRM_0087,2023-08-31T00:00:00Z,21279,9863,2021-10-31T00:00:00Z
FIRM_0078,2023-08-31T00:00:00Z,33074,7032,2022-12-31T00:00:00Z
FIRM_0077,2023-08-31T00:00:00Z,45659,30587,2023-09-30T00:00:00Z
FIRM_0040,2022-07-31T00:00:00Z,48579,38227,2022-05-31T00:00:00Z
FIRM_0064,2023-04-30T00:00:00Z,20482,25151,2023-07-31T00:00:00Z
FIRM_0011,2021-03-31T00:00:00Z,18717,44544,2023-01-31T00:00:00Z
FIRM_0048,2023-01-31T00:00:00Z,4308,11745,2022-11-30T00:00:00Z
FIRM_0047,2023-07-31T00:00:00Z,44308,29100,2023-04-30T00:00:00Z
FIRM_0005,2023-08-31T00:00:00Z,23227,18659,2023-10-31T00:00:00Z
FIRM_0052,2021-04-30T00:00:00Z,38747,31959,2023-05-31T00:00:00Z
FIRM_0013,2023-05-31T00:00:00Z,20015,2838,2023-02-28T00:00:00Z
FIRM_0055,2021-08-31T00:00:00Z,46302,3131,2023-05-31T00:00:00Z
FIRM_0061,2022-09-30T00:00:00Z,28072,23752,2021-05-31T00:00:00Z
FIRM_0089,2023-07-31T00:00:00Z,49271,15788,2023-06-30T00:00:00Z
FIRM_0029,2022-11-30T00:00:00Z,34059,12972,2021-07-31T00:00:00Z
FIRM_0084,2023-04-30T00:00:00Z,49114,23628,2022-01-31T00:00:00Z
FIRM_0049,2023-10-31T00:00:00Z,26554,12184,2022-07-31T00:00:00Z
FIRM_0055,2022-10-31T00:00:00Z,41553,23354,2021-05-31T00:00:00Z
FIRM_0037,2021-03-31T00:00:00Z,25161,41571,2022-05-31T00:00:00Z
FIRM_0004,2022-07-31T00:00:00Z,24103,26563,2021-11-30T00:00:00Z
FIRM_0088,2022-09-30T00:00:00Z,25442,34359,2022-03-31T00:00:00Z
FIRM_0100,2021-08-31T00:00:00Z,4268,10471,2022-09-30T00:00:00Z
FIRM_0082,2023-04-30T00:00:00Z,21305,2183,2021-03-31T00:00:00Z
FIRM_0019,2021-10-31T00:00:00Z,22124,40401,2022-03-31T00:00:00Z
FIRM_0098,2023-02-28T00:00:00Z,14336,41836,2022-03-31T00:00:00Z
FIRM_0094,2023-02-28T00:00:00Z,38092,9723,2021-12-31T00:00:00Z
FIRM_0083,2021-10-31T00:00:00Z,18477,16423,2021-07-31T00:00:00Z
FIRM_0087,2022-03-31T00:00:00Z,9834,18278,2023-06-30T00:00:00Z
FIRM_0044,2021-04-30T00:00:00Z,34254,15843,2021-12-31T00:00:00Z
FIRM_0004,2022-01-31T00:00:00Z,20647,20798,2023-03-31T00:00:00Z
FIRM_0028,2022-04-30T00:00:00Z,27792,20934,2021-09-30T00:00:00Z
FIRM_0041,2023-08-31T00:00:00Z,25155,21398,2022-05-31T00:00:00Z
FIRM_0012,2021-03-31T00:00:00Z,27201,38641,2023-01-31T00:00:00Z
FIRM_0084,2023-04-30T00:00:00Z,44775,35142,2021-04-30T00:00:00Z
FIRM_0024,2021-03-31T00:00:00Z,41300,2065,2022-07-31T00:00:00Z
FIRM_0001,2023-06-30T00:00:00Z,40941,26768,2023-11-30T00:00:00Z
FIRM_0088,2021-04-30T00:00:00Z,27993,13328,2022-01-31T00:00:00Z
FIRM_0047,2021-03-31T00:00:00Z,24093,34753,2022-06-30T00:00:00Z
FIRM_0048,2022-01-31T00:00:00Z,46074,10831,2022-04-30T00:00:00Z
FIRM_0014,2021-10-31T00:00:00Z,15257,23030,2022-03-31T00:00:00Z
FIRM_0029,2022-04-30T00:00:00Z,40111,7684,2021-07-31T00:00:00Z
FIRM_0046,2021-08-31T00:00:00Z,24794,26313,2023-10-31T00:00:00Z
FIRM_0025,2022-01-31T00:00:00Z,47545,18938,2022-03-31T00:00:00Z
FIRM_0038,2023-05-31T00:00:00Z,8921,46138,2022-06-30T00:00:00Z
FIRM_0055,2021-10-31T00:00:00Z,26755,5052,2021-07-31T00:00:00Z
FIRM_0087,2023-04-30T00:00:00Z,7035,22528,2022-11-30T00:00:00Z
FIRM_0065,2021-09-30T00:00:00Z,43802,20257,2023-12-31T00:00:00Z
FIRM_0052,2021-03-31T00:00:00Z,20751,16516,2022-05-31T00:00:00Z
FIRM_0050,2022-09-30T00:00:00Z,25812,27977,2023-02-28T00:00:00Z
FIRM_0032,2023-12-31T00:00:00Z,33225,20327,2021-02-28T00:00:00Z
FIRM_0042,2023-03-31T00:00:00Z,40572,21786,2021-04-30T00:00:00Z
FIRM_0089,2023-12-31T00:00:00Z,13824,26286,2023-03-31T00:00:00Z
FIRM_0042,2022-09-30T00:00:00Z,9688,5209,2021-06-30T00:00:00Z
FIRM_0042,2023-10-31T00:00:00Z,10721,32328,2023-07-31T00:00:00Z
FIRM_0037,2022-05-31T00:00:00Z,28897,48912,2023-09-30T00:00:00Z
FIRM_0073,2023-10-31T00:00:00Z,19151,21470,2021-08-31T00:00:00Z
FIRM_0019,2023-10-31T00:00:00Z,7275,3887,2023-02-28T00:00:00Z
FIRM_0041,2021-08-31T00:00:00Z,37638,14455,2021-04-30T00:00:00Z
FIRM_0034,2023-10-31T00:00:00Z,20438,25334,2022-09-30T00:00:00Z
FIRM_0038,2022-08-31T00:00:00Z,32535,26890,2022-08-31T00:00:00Z
FIRM_0005,2022-07-31T00:00:00Z,16845,29445,2021-09-30T00:00:00Z
FIRM_0006,2021-09-30T00:00:00Z,32932,28332,2021-03-31T00:00:00Z
FIRM_0073,2023-08-31T00:00:00Z,47611,15141,2023-05-31T00:00:00Z
FIRM_0029,2023-12-31T00:00:00Z,49533,40663,2021-08-31T00:00:00Z
FIRM_0054,2021-04-30T00:00:00Z,28101,30593,2022-03-31T00:00:00Z
FIRM_0006,2022-11-30T00:00:00Z,33849,4691,2023-02-28T00:00:00Z
FIRM_0029,2022-10-31T00:00:00Z,13063,32464,2022-07-31T00:00:00Z
FIRM_0095,2022-03-31T00:00:00Z,49464,13033,2021-11-30T00:00:00Z
FIRM_0085,2021-12-31T00:00:00Z,19298,44130,2023-11-30T00:00:00Z
FIRM_0086,2021-05-31T00:00:00Z,43060,5132,2022-06-30T00:00:00Z
FIRM_0057,2022-03-31T00:00:00Z,28741,17242,2023-04-30T00:00:00Z
FIRM_0074,2021-09-30T00:00:00Z,18085,29646,2022-04-30T00:00:00Z
FIRM_0068,2021-05-31T00:00:00Z,35539,43319,2021-10-31T00:00:00Z
FIRM_0027,2022-05-31T00:00:00Z,43888,11072,2021-07-31T00:00:00Z
FIRM_0059,2023-01-31T00:00:00Z,14578,17127,2022-02-28T00:00:00Z
FIRM_0072,2021-08-31T00:00:00Z,47027,8818,2021-06-30T00:00:00Z
FIRM_0044,2022-07-31T00:00:00Z,6021,27964,2022-08-31T00:00:00Z
FIRM_0020,2023-02-28T00:00:00Z,8180,34456,2022-06-30T00:00:00Z
FIRM_0037,2023-03-31T00:00:00Z,26823,20844,2023-04-30T00:00:00Z
FIRM_0011,2023-04-30T00:00:00Z,30984,45171,2022-08-31T00:00:00Z
FIRM_0077,2023-09-30T00:00:00Z,8617,23361,2022-06-30T00:00:00Z
FIRM_0095,2021-08-31T00:00:00Z,28489,42499,2023-06-30T00:00:00Z
FIRM_0055,2021-07-31T00:00:00Z,12392,13913,2022-08-31T00:00:00Z
FIRM_0066,2022-06-30T00:00:00Z,40485,44379,2021-12-31T00:00:00Z
FIRM_0029,2021-05-31T00:00:00Z,5075,3233,2022-05-31T00:00:00Z
FIRM_0067,2022-09-30T00:00:00Z,5138,48811,2021-12-31T00:00:00Z
FIRM_0058,2022-10-31T00:00:00Z,34679,16849,2021-12-31T00:00:00Z
FIRM_0030,2023-01-31T00:00:00Z,3489,20999,2022-05-31T00:00:00Z
FIRM_0051,2023-03-31T00:00:00Z,42563,38650,2021-07-31T00:00:00Z
FIRM_0066,2022-10-31T00:00:00Z,36761,40862,2022-06-30T00:00:00Z
FIRM_0025,2023-07-31T00:00:00Z,49028,37803,2022-05-31T00:00:00Z
FIRM_0060,2022-01-31T00:00:00Z,3641,34804,2023-12-31T00:00:00Z
FIRM_0057,2021-10-31T00:00:00Z,42100,27735,2022-07-31T00:00:00Z
FIRM_0049,2021-02-28T00:00:00Z,10310,41684,2024-01-31T00:00:00Z
FIRM_0088,2021-06-30T00:00:00Z,38002,3336,2023-10-31T00:00:00Z
FIRM_0031,2023-06-30T00:00:00Z,43581,37619,2023-04-30T00:00:00Z
FIRM_0018,2021-11-30T00:00:00Z,33978,41955,2021-07-31T00:00:00Z
FIRM_0059,2022-01-31T00:00:00Z,49795,36406,2021-04-30T00:00:00Z
FIRM_0046,2021-11-30T00:00:00Z,49860,19059,2021-12-31T00:00:00Z
FIRM_0095,2022-12-31T00:00:00Z,6530,11262,2023-06-30T00:00:00Z
FIRM_0032,2021-07-31T00:00:00Z,2445,12262,2023-04-30T00:00:00Z
FIRM_0100,2021-03-31T00:00:00Z,44030,15116,2022-10-31T00:00:00Z
FIRM_0067,2023-08-31T00:00:00Z,27796,40856,2022-10-31T00:00:00Z
FIRM_0055,2022-04-30T00:00:00Z,36257,4876,2021-12-31T00:00:00Z
FIRM_0015,2022-02-28T00:00:00Z,32161,21927,2021-05-31T00:00:00Z
FIRM_0050,2022-01-31T00:00:00Z,34847,2289,2023-08-31T00:00:00Z
FIRM_0096,2023-11-30T00:00:00Z,43024,37167,2023-11-30T00:00:00Z
FIRM_0045,2022-12-31T00:00:00Z,45401,19837,2021-03-31T00:00:00Z
FIRM_0048,2022-03-31T00:00:00Z,11249,25168,2021-08-31T00:00:00Z
FIRM_0004,2021-03-31T00:00:00Z,17915,23182,2023-04-30T00:00:00Z
FIRM_0052,2022-05-31T00:00:00Z,30034,5917,2022-12-31T00:00:00Z
FIRM_0068,2021-11-30T00:00:00Z,40498,26463,2022-08-31T00:00:00Z
FIRM_0046,2023-08-31T00:00:00Z,9706,39488,2023-09-30T00:00:00Z
FIRM_0023,2021-01-31T00:00:00Z,8239,26917,2023-07-31T00:00:00Z
FIRM_0005,2021-11-30T00:00:00Z,9325,37025,2022-08-31T00:00:00Z
FIRM_0094,2023-09-30T00:00:00Z,12509,14918,2023-09-30T00:00:00Z
FIRM_0072,2022-05-31T00:00:00Z,5846,27930,2022-11-30T00:00:00Z
FIRM_0060,2022-01-31T00:00:00Z,46544,28645,2021-12-31T00:00:00Z
FIRM_0015,2021-05-31T00:00:00Z,24349,32027,2023-08-31T00:00:00Z
FIRM_0050,2021-07-31T00:00:00Z,3941,37454,2022-09-30T00:00:00Z
FIRM_0059,2021-12-31T00:00:00Z,26018,29636,2023-03-31T00:00:00Z
FIRM_0052,2022-10-31T00:00:00Z,7775,2861,2021-11-30T00:00:00Z
FIRM_0092,2022-12-31T00:00:00Z,12674,5021,2023-08-31T00:00:00Z
FIRM_0054,2021-09-30T00:00:00Z,23290,29159,2023-08-31T00:00:00Z
FIRM_0003,2023-10-31T00:00:00Z,3530,24098,2022-01-31T00:00:00Z
FIRM_0017,2023-11-30T00:00:00Z,17766,24237,2022-04-30T00:00:00Z
FIRM_0089,2022-07-31T00:00:00Z,18308,32988,2022-04-30T00:00:00Z
FIRM_0038,2023-02-28T00:00:00Z,2875,3360,2022-04-30T00:00:00Z
FIRM_0040,2022-04-30T00:00:00Z,16450,2617,2022-11-30T00:00:00Z
FIRM_0087,2021-07-31T00:00:00Z,6507,16206,2022-09-30T00:00:00Z
FIRM_0055,2021-10-31T00:00:00Z,9035,34478,2021-09-30T00:00:00Z
FIRM_0019,2021-08-31T00:00:00Z,34458,38400,2024-01-31T00:00:00Z
FIRM_0020,2021-03-31T00:00:00Z,4230,16281,2023-05-31T00:00:00Z
FIRM_0050,2021-02-28T00:00:00Z,2625,10820,2022-10-31T00:00:00Z
FIRM_0030,2022-01-31T00:00:00Z,44301,6422,2022-09-30T00:00:00Z
FIRM_0081,2021-04-30T00:00:00Z,12636,40793,2021-02-28T00:00:00Z
FIRM_0048,2022-10-31T00:00:00Z,45901,14673,2021-03-31T00:00:00Z
FIRM_0092,2023-02-28T00:00:00Z,37820,48868,2023-06-30T00:00:00Z
FIRM_0096,2021-12-31T00:00:00Z,33167,5925,2022-11-30T00:00:00Z
FIRM_0037,2022-09-30T00:00:00Z,1369,33386,2022-07-31T00:00:00Z
FIRM_0033,2021-04-30T00:00:00Z,19635,17453,2022-06-30T00:00:00Z
FIRM_0005,2022-06-30T00:00:00Z,29233,23670,2023-04-30T00:00:00Z
FIRM_0038,2023-04-30T00:00:00Z,2998,25034,2022-10-31T00:00:00Z
FIRM_0065,2022-06-30T00:00:00Z,46690,7607,2023-01-31T00:00:00Z
FIRM_0063,2022-04-30T00:00:00Z,35724,8890,2023-11-30T00:00:00Z
FIRM_0046,2022-08-31T00:00:00Z,48366,28106,2024-01-31T00:00:00Z
FIRM_0066,2023-06-30T00:00:00Z,4240,49251,2021-09-30T00:00:00Z
FIRM_0012,2022-08-31T00:00:00Z,36904,36150,2021-04-30T00:00:00Z
FIRM_0095,2023-08-31T00:00:00Z,25135,10666,2021-12-31T00:00:00Z
FIRM_0096,2022-03-31T00:00:00Z,32860,32666,2022-07-31T00:00:00Z
FIRM_0031,2023-12-31T00:00:00Z,16676,26225,2022-11-30T00:00:00Z
FIRM_0057,2022-01-31T00:00:00Z,4653,9434,2023-12-31T00:00:00Z
FIRM_0019,2023-09-30T00:00:00Z,32675,21505,2021-09-30T00:00:00Z
FIRM_0082,2023-03-31T00:00:00Z,47620,45130,2021-06-30T00:00:00Z
FIRM_0001,2023-10-31T00:00:00Z,2032,49327,2022-01-31T00:00:00Z
FIRM_0054,2021-11-30T00:00:00Z,37531,41031,2022-08-31T00:00:00Z
FIRM_0100,2022-04-30T00:00:00Z,38487,28339,2023-12-31T00:00:00Z
FIRM_0044,2021-11-30T00:00:00Z,10664,9112,2021-10-31T00:00:00Z
FIRM_0029,2023-06-30T00:00:00Z,11532,39471,2023-03-31T00:00:00Z
FIRM_0090,2022-06-30T00:00:00Z,44805,24951,2023-01-31T00:00:00Z
FIRM_0069,2023-03-31T00:00:00Z,11131,45012,2023-08-31T00:00:00Z
FIRM_0011,2021-02-28T00:00:00Z,28966,42585,2023-04-30T00:00:00Z
FIRM_0084,2021-12-31T00:00:00Z,4589,8678,2022-12-31T00:00:00Z
FIRM_0048,2021-04-30T00:00:00Z,1988,18896,2023-09-30T00:00:00Z
FIRM_0028,2022-03-31T00:00:00Z,32486,32414,2022-05-31T00:00:00Z
FIRM_0048,2023-08-31T00:00:00Z,30620,18861,2021-03-31T00:00:00Z
FIRM_0057,2021-07-31T00:00:00Z,13726,4693,2022-01-31T00:00:00Z
FIRM_0099,2022-06-30T00:00:00Z,37353,49540,2022-01-31T00:00:00Z
FIRM_0037,2023-02-28T00:00:00Z,7179,43158,2023-05-31T00:00:00Z
FIRM_0077,2021-07-31T00:00:00Z,27638,4895,2022-12-31T00:00:00Z
FIRM_0005,2022-08-31T00:00:00Z,22675,26941,2021-08-31T00:00:00Z
FIRM_0073,2022-01-31T00:00:00Z,1489,44948,2023-03-31T00:00:00Z
FIRM_0055,2023-09-30T00:00:00Z,31723,14340,2021-09-30T00:00:00Z
FIRM_0069,2023-07-31T00:00:00Z,36247,22591,2024-01-31T00:00:00Z
FIRM_0015,2022-03-31T00:00:00Z,45080,37767,2023-06-30T00:00:00Z
FIRM_0083,2023-07-31T00:00:00Z,35313,2716,2023-08-31T00:00:00Z
FIRM_0020,2021-09-30T00:00:00Z,3011,35922,2022-12-31T00:00:00Z
FIRM_0049,2021-07-31T00:00:00Z,20586,43145,2021-03-31T00:00:00Z
FIRM_0062,2021-08-31T00:00:00Z,33785,49283,2023-06-30T00:00:00Z
FIRM_0032,2023-01-31T00:00:00Z,15195,1110,2021-11-30T00:00:00Z
FIRM_0001,2022-08-31T00:00:00Z,12685,43750,2021-02-28T00:00:00Z
FIRM_0064,2022-10-31T00:00:00Z,18343,18047,2022-11-30T00:00:00Z
FIRM_0099,2021-09-30T00:00:00Z,1338,40668,2022-12-31T00:00:00Z
FIRM_0031,2023-02-28T00:00:00Z,41088,38477,2022-06-30T00:00:00Z
FIRM_0051,2021-02-28T00:00:00Z,38857,21395,2023-01-31T00:00:00Z
FIRM_0055,2023-07-31T00:00:00Z,5045,1369,2023-05-31T00:00:00Z
FIRM_0062,2023-08-31T00:00:00Z,10737,6730,2021-09-30T00:00:00Z
FIRM_0065,2021-03-31T00:00:00Z,38129,45715,2021-04-30T00:00:00Z
FIRM_0040,2022-04-30T00:00:00Z,33244,10188,2023-11-30T00:00:00Z
FIRM_0099,2022-11-30T00:00:00Z,38073,11057,2022-09-30T00:00:00Z
FIRM_0095,2023-10-31T00:00:00Z,28956,31200,2023-02-28T00:00:00Z
FIRM_0034,2022-05-31T00:00:00Z,40323,18445,2021-10-31T00:00:00Z
FIRM_0006,2021-07-31T00:00:00Z,6291,9746,2023-09-30T00:00:00Z
FIRM_0007,2022-08-31T00:00:00Z,22706,39129,2023-10-31T00:00:00Z
FIRM_0082,2022-11-30T00:00:00Z,35827,45992,2023-01-31T00:00:00Z
FIRM_0025,2023-05-31T00:00:00Z,37747,26204,2022-11-30T00:00:00Z
FIRM_0022,2022-02-28T00:00:00Z,43178,32838,2023-06-30T00:00:00Z
FIRM_0094,2023-04-30T00:00:00Z,42498,30222,2021-08-31T00:00:00Z
FIRM_0077,2022-06-30T00:00:00Z,22554,29873,2022-06-30T00:00:00Z
FIRM_0088,2021-05-31T00:00:00Z,48279,24749,2023-11-30T00:00:00Z
FIRM_0043,2021-07-31T00:00:00Z,12061,31320,2021-10-31T00:00:00Z
FIRM_0057,2021-09-30T00:00:00Z,15901,32482,2023-05-31T00:00:00Z
FIRM_0072,2023-03-31T00:00:00Z,42288,43486,2022-04-30T00:00:00Z
FIRM_0091,2021-10-31T00:00:00Z,16837,40736,2023-09-30T00:00:00Z
FIRM_0049,2023-06-30T00:00:00Z,1117,46498,2023-09-30T00:00:00Z
FIRM_0028,2021-04-30T00:00:00Z,23525,36031,2021-12-31T00:00:00Z
FIRM_0092,2022-08-31T00:00:00Z,11487,2345,2023-07-31T00:00:00Z
FIRM_0086,2022-06-30T00:00:00Z,6342,23212,2021-07-31T00:00:00Z
FIRM_0008,2021-03-31T00:00:00Z,48204,44571,2022-04-30T00:00:00Z
FIRM_0095,2021-01-31T00:00:00Z,30571,10954,2022-12-31T00:00:00Z
FIRM_0082,2023-03-31T00:00:00Z,43409,42061,2022-10-31T00:00:00Z
FIRM_0066,2023-04-30T00:00:00Z,28998,1014,2022-11-30T00:00:00Z
FIRM_0056,2023-02-28T00:00:00Z,16756,21435,2022-02-28T00:00:00Z
FIRM_0067,2023-08-31T00:00:00Z,4934,38088,2021-07-31T00:00:00Z
FIRM_0006,2021-10-31T00:00:00Z,16038,15163,2021-07-31T00:00:00Z
FIRM_0062,2021-12-31T00:00:00Z,5251,3547,2023-01-31T00:00:00Z
FIRM_0061,2022-01-31T00:00:00Z,42061,40725,2023-01-31T00:00:00Z
FIRM_0079,2023-04-30T00:00:00Z,34267,45095,2022-02-28T00:00:00Z
FIRM_0081,2021-01-31T00:00:00Z,49917,38394,2021-12-31T00:00:00Z
FIRM_0055,2021-11-30T00:00:00Z,14815,38718,2022-12-31T00:00:00Z
FIRM_0084,2021-10-31T00:00:00Z,35739,40767,2022-03-31T00:00:00Z
FIRM_0050,2022-02-28T00:00:00Z,41315,38110,2021-10-31T00:00:00Z
FIRM_0059,2023-05-31T00:00:00Z,12873,18185,2022-08-31T00:00:00Z
FIRM_0045,2021-02-28T00:00:00Z,5697,10012,2023-02-28T00:00:00Z
FIRM_0069,2021-02-28T00:00:00Z,48815,3403,2023-04-30T00:00:00Z
FIRM_0039,2021-04-30T00:00:00Z,22377,41611,2021-06-30T00:00:00Z
FIRM_0026,2022-11-30T00:00:00Z,22317,2466,2023-11-30T00:00:00Z
FIRM_0082,2021-10-31T00:00:00Z,28832,35077,2022-09-30T00:00:00Z
FIRM_0069,2022-06-30T00:00:00Z,48788,28671,2023-05-31T00:00:00Z
FIRM_0093,2021-04-30T00:00:00Z,28885,20602,2022-08-31T00:00:00Z
FIRM_0045,2022-10-31T00:00:00Z,49676,46398,2022-07-31T00:00:00Z
FIRM_0049,2021-04-30T00:00:00Z,38406,26662,2021-03-31T00:00:00Z
FIRM_0069,2023-12-31T00:00:00Z,3488,11669,2021-08-31T00:00:00Z
FIRM_0016,2021-07-31T00:00:00Z,10529,47121,2022-11-30T00:00:00Z
FIRM_0070,2022-07-31T00:00:00Z,43697,25011,2023-10-31T00:00:00Z
FIRM_0059,2023-09-30T00:00:00Z,48360,22277,2022-12-31T00:00:00Z
FIRM_0009,2021-01-31T00:00:00Z,45972,23153,2021-03-31T00:00:00Z
FIRM_0037,2021-09-30T00:00:00Z,42826,3781,2022-09-30T00:00:00Z
FIRM_0064,2021-06-30T00:00:00Z,41163,7403,2022-06-30T00:00:00Z
FIRM_0032,2023-01-31T00:00:00Z,12665,30318,2021-03-31T00:00:00Z
FIRM_0095,2022-05-31T00:00:00Z,2066,37983,2023-05-31T00:00:00Z
FIRM_0003,2023-04-30T00:00:00Z,11753,47713,2022-09-30T00:00:00Z
FIRM_0041,2023-06-30T00:00:00Z,2137,31776,2021-11-30T00:00:00Z
FIRM_0001,2022-10-31T00:00:00Z,45459,2133,2021-10-31T00:00:00Z
FIRM_0042,2023-09-30T00:00:00Z,49583,48885,2022-07-31T00:00:00Z
FIRM_0017,2023-05-31T00:00:00Z,48933,16540,2021-10-31T00:00:00Z
FIRM_0017,2023-06-30T00:00:00Z,9590,11038,2022-10-31T00:00:00Z
FIRM_0079,2021-04-30T00:00:00Z,49405,3431,2023-02-28T00:00:00Z
FIRM_0056,2022-05-31T00:00:00Z,17985,37582,2021-06-30T00:00:00Z
FIRM_0055,2022-12-31T00:00:00Z,28083,39156,2021-02-28T00:00:00Z
FIRM_0023,2021-07-31T00:00:00Z,22400,48364,2022-01-31T00:00:00Z
FIRM_0084,2023-05-31T00:00:00Z,48162,38412,2023-12-31T00:00:00Z
FIRM_0006,2021-02-28T00:00:00Z,30875,39666,2021-11-30T00:00:00Z
FIRM_0089,2022-11-30T00:00:00Z,38094,11087,2021-06-30T00:00:00Z
FIRM_0077,2022-09-30T00:00:00Z,28931,19879,2023-10-31T00:00:00Z
FIRM_0044,2023-11-30T00:00:00Z,44287,23298,2022-06-30T00:00:00Z
FIRM_0023,2023-09-30T00:00:00Z,48775,49460,2021-05-31T00:00:00Z
FIRM_0034,2021-05-31T00:00:00Z,11288,16349,2023-10-31T00:00:00Z
FIRM_0067,2021-05-31T00:00:00Z,12494,34404,2022-10-31T00:00:00Z
FIRM_0059,2021-10-31T00:00:00Z,41372,10192,2022-03-31T00:00:00Z
FIRM_0020,2022-05-31T00:00:00Z,35298,2972,2021-05-31T00:00:00Z
FIRM_0098,2023-07-31T00:00:00Z,31585,17067,2021-04-30T00:00:00Z
FIRM_0068,2023-09-30T00:00:00Z,30014,46177,2023-05-31T00:00:00Z
FIRM_0093,2022-07-31T00:00:00Z,42748,15816,2023-01-31T00:00:00Z
FIRM_0053,2023-08-31T00:00:00Z,10754,39381,2022-02-28T00:00:00Z
FIRM_0008,2021-10-31T00:00:00Z,21128,1850,2023-01-31T00:00:00Z
FIRM_0051,2022-01-31T00:00:00Z,23752,47018,2022-09-30T00:00:00Z
FIRM_0007,2021-08-31T00:00:00Z,28817,18156,2022-11-30T00:00:00Z
FIRM_0074,2022-12-31T00:00:00Z,42004,24253,2022-12-31T00:00:00Z
FIRM_0008,2021-09-30T00:00:00Z,49516,38745,2022-10-31T00:00:00Z
FIRM_0037,2021-07-31T00:00:00Z,40708,29666,2022-07-31T00:00:00Z
FIRM_0028,2022-11-30T00:00:00Z,30902,39744,2023-09-30T00:00:00Z
FIRM_0019,2021-03-31T00:00:00Z,30230,15465,2022-01-31T00:00:00Z
FIRM_0046,2023-01-31T00:00:00Z,45169,13028,2023-08-31T00:00:00Z
FIRM_0056,2023-08-31T00:00:00Z,24159,17562,2022-07-31T00:00:00Z
FIRM_0070,2021-01-31T00:00:00Z,13338,38862,2021-04-30T00:00:00Z
FIRM_0087,2021-03-31T00:00:00Z,47536,3732,2022-08-31T00:00:00Z
FIRM_0048,2021-08-31T00:00:00Z,20160,40314,2023-01-31T00:00:00Z
FIRM_0023,2022-11-30T00:00:00Z,48550,12221,2023-06-30T00:00:00Z
FIRM_0089,2023-03-31T00:00:00Z,9498,45922,2023-04-30T00:00:00Z
FIRM_0094,2022-12-31T00:00:00Z,39552,38366,2024-01-31T00:00:00Z
FIRM_0040,2023-08-31T00:00:00Z,4416,11634,2024-01-31T00:00:00Z
FIRM_0059,2021-05-31T00:00:00Z,11249,48713,2022-11-30T00:00:00Z
FIRM_0049,2023-02-28T00:00:00Z,33989,21151,2022-03-31T00:00:00Z
FIRM_0026,2023-05-31T00:00:00Z,16816,19208,2021-12-31T00:00:00Z
FIRM_0089,2023-01-31T00:00:00Z,21227,39689,2021-12-31T00:00:00Z
FIRM_0038,2022-06-30T00:00:00Z,12242,36892,2022-06-30T00:00:00Z
FIRM_0034,2022-07-31T00:00:00Z,49518,7912,2024-01-31T00:00:00Z
FIRM_0048,2022-09-30T00:00:00Z,1682,49549,2022-11-30T00:00:00Z
FIRM_0077,2022-05-31T00:00:00Z,4369,22596,2023-02-28T00:00:00Z
FIRM_0013,2021-09-30T00:00:00Z,9122,8008,2021-08-31T00:00:00Z
FIRM_0003,2023-01-31T00:00:00Z,9073,26875,2021-10-31T00:00:00Z
FIRM_0075,2023-05-31T00:00:00Z,33695,21907,2022-10-31T00:00:00Z
FIRM_0031,2021-05-31T00:00:00Z,44831,34332,2021-07-31T00:00:00Z
FIRM_0088,2023-09-30T00:00:00Z,8653,30746,2021-12-31T00:00:00Z
FIRM_0029,2023-02-28T00:00:00Z,2695,41483,2022-01-31T00:00:00Z
FIRM_0096,2023-12-31T00:00:00Z,12420,34186,2023-12-31T00:00:00Z
FIRM_0006,2023-01-31T00:00:00Z,23245,9573,2022-07-31T00:00:00Z
FIRM_0017,2021-09-30T00:00:00Z,23818,31710,2021-02-28T00:00:00Z
FIRM_0014,2021-08-31T00:00:00Z,10663,32777,2021-04-30T00:00:00Z
FIRM_0030,2023-11-30T00:00:00Z,29915,45011,2023-12-31T00:00:00Z
FIRM_0059,2021-03-31T00:00:00Z,32559,36777,2021-11-30T00:00:00Z
FIRM_0015,2021-03-31T00:00:00Z,15574,29275,2023-04-30T00:00:00Z
FIRM_0077,2022-07-31T00:00:00Z,17381,2618,2022-03-31T00:00:00Z
FIRM_0071,2021-04-30T00:00:00Z,21865,2817,2022-07-31T00:00:00Z
FIRM_0074,2023-10-31T00:00:00Z,35987,3605,2022-11-30T00:00:00Z
FIRM_0002,2021-12-31T00:00:00Z,9875,3018,2021-07-31T00:00:00Z
FIRM_0020,2022-06-30T00:00:00Z,1767,27214,2022-10-31T00:00:00Z
FIRM_0062,2022-12-31T00:00:00Z,42836,47035,2022-05-31T00:00:00Z
FIRM_0032,2023-06-30T00:00:00Z,9802,15937,2022-02-28T00:00:00Z
FIRM_0041,2022-07-31T00:00:00Z,27396,29200,2022-06-30T00:00:00Z
FIRM_0039,2021-04-30T00:00:00Z,33262,4100,2023-10-31T00:00:00Z
FIRM_0034,2023-08-31T00:00:00Z,39658,16925,2022-06-30T00:00:00Z
FIRM_0054,2023-09-30T00:00:00Z,30004,48997,2022-04-30T00:00:00Z
FIRM_0089,2022-05-31T00:00:00Z,29559,21286,2022-10-31T00:00:00Z
FIRM_0039,2021-01-31T00:00:00Z,45928,17293,2023-07-31T00:00:00Z
FIRM_0060,2022-04-30T00:00:00Z,42751,8311,2023-04-30T00:00:00Z
FIRM_0078,2023-07-31T00:00:00Z,13099,17200,2022-07-31T00:00:00Z
FIRM_0028,2021-10-31T00:00:00Z,8532,22063,2023-08-31T00:00:00Z
FIRM_0096,2023-03-31T00:00:00Z,19557,29051,2023-02-28T00:00:00Z
FIRM_0063,2022-04-30T00:00:00Z,4872,9609,2023-08-31T00:00:00Z
FIRM_0068,2021-11-30T00:00:00Z,19052,29266,2021-11-30T00:00:00Z
FIRM_0031,2023-04-30T00:00:00Z,18034,34617,2022-05-31T00:00:00Z
FIRM_0076,2022-12-31T00:00:00Z,31552,35058,2023-02-28T00:00:00Z
FIRM_0023,2022-09-30T00:00:00Z,47755,8884,2022-06-30T00:00:00Z
FIRM_0022,2022-07-31T00:00:00Z,4378,3168,2022-11-30T00:00:00Z
FIRM_0038,2021-05-31T00:00:00Z,16948,28268,2022-08-31T00:00:00Z
FIRM_0002,2021-01-31T00:00:00Z,7842,26706,2022-10-31T00:00:00Z
FIRM_0002,2022-12-31T00:00:00Z,17760,39185,2022-12-31T00:00:00Z
FIRM_0096,2022-12-31T00:00:00Z,40035,16649,2022-05-31T00:00:00Z
FIRM_0002,2022-02-28T00:00:00Z,32341,8272,2023-09-30T00:00:00Z
FIRM_0042,2022-12-31T00:00:00Z,9938,35655,2023-01-31T00:00:00Z
FIRM_0083,2021-12-31T00:00:00Z,18209,30746,2022-12-31T00:00:00Z
FIRM_0085,2021-02-28T00:00:00Z,4225,2093,2022-06-30T00:00:00Z
FIRM_0066,2021-05-31T00:00:00Z,32828,12138,2022-12-31T00:00:00Z
FIRM_0048,2021-11-30T00:00:00Z,28909,3676,2023-10-31T00:00:00Z
FIRM_0098,2022-01-31T00:00:00Z,32976,21252,2022-02-28T00:00:00Z
FIRM_0051,2021-05-31T00:00:00Z,46539,47455,2022-09-30T00:00:00Z
FIRM_0058,2021-08-31T00:00:00Z,9540,18750,2021-11-30T00:00:00Z
FIRM_0099,2023-08-31T00:00:00Z,41309,1952,2022-05-31T00:00:00Z
FIRM_0089,2022-12-31T00:00:00Z,31564,8095,2022-08-31T00:00:00Z
FIRM_0013,2023-02-28T00:00:00Z,33076,13975,2023-04-30T00:00:00Z
FIRM_0039,2023-07-31T00:00:00Z,33748,7055,2023-10-31T00:00:00Z
