firm_id,declaration_date,taxable_income,tax_paid,adjustments
FIRM_0075,2023-03-31T00:00:00Z,91591,25447,2239
FIRM_0080,2023-12-31T00:00:00Z,181645,22246,4777
FIRM_0007,2021-06-30T00:00:00Z,110826,32964,-2942
FIRM_0045,2021-06-30T00:00:00Z,101530,27547,-3658
FIRM_0053,2021-03-31T00:00:00Z,69730,18176,2794
FIRM_0029,2023-09-30T00:00:00Z,59209,15746,3652
FIRM_0016,2022-06-30T00:00:00Z,85323,27864,2237
FIRM_0043,2022-12-31T00:00:00Z,67473,6865,-4541
FIRM_0079,2021-12-31T00:00:00Z,112741,38646,-4853
FIRM_0044,2022-12-31T00:00:00Z,128702,10265,-2051
FIRM_0050,2022-03-31T00:00:00Z,171220,23494,-3018
FIRM_0013,2023-03-31T00:00:00Z,141261,16802,-27
FIRM_0066,2021-06-30T00:00:00Z,105819,9116,1519
FIRM_0002,2023-09-30T00:00:00Z,61598,23480,-2025
FIRM_0040,2022-03-31T00:00:00Z,184694,19722,1901
FIRM_0095,2023-09-30T00:00:00Z,71777,38695,-377
FIRM_0074,2021-09-30T00:00:00Z,154708,5648,3348
FIRM_0068,2023-12-31T00:00:00Z,151749,24916,-13
FIRM_0096,2023-03-31T00:00:00Z,123575,25785,-1197
FIRM_0084,2022-03-31T00:00:00Z,152907,16464,4004
FIRM_0069,2023-09-30T00:00:00Z,114700,32817,-222
FIRM_0071,2023-06-30T00:00:00Z,54058,12796,4480
FIRM_0060,2022-09-30T00:00:00Z,185669,28198,1140
FIRM_0027,2022-12-31T00:00:00Z,192438,16624,988
FIRM_0061,2023-09-30T00:00:00Z,144552,22326,314
FIRM_0002,2023-09-30T00:00:00Z,117832,20127,-1752
FIRM_0017,2022-12-31T00:00:00Z,102499,15036,-4610
FIRM_0004,2023-03-31T00:00:00Z,73635,8399,-846
FIRM_0003,2022-03-31T00:00:00Z,51041,25120,4946
FIRM_0053,2021-12-31T00:00:00Z,156630,19684,-4590
FIRM_0056,2021-03-31T00:00:00Z,90437,20961,1301
FIRM_0018,2021-09-30T00:00:00Z,59698,29428,-650
FIRM_0082,2021-06-30T00:00:00Z,144022,5750,-2246
FIRM_0052,2021-06-30T00:00:00Z,107570,24428,454
FIRM_0001,2021-03-31T00:00:00Z,130821,17734,-881
FIRM_0082,2023-09-30T00:00:00Z,99661,5126,-1587
FIRM_0092,2021-12-31T00:00:00Z,174406,6201,-3458
FIRM_0025,2023-09-30T00:00:00Z,176129,18980,-2723
FIRM_0068,2022-03-31T00:00:00Z,118817,5302,-1679
FIRM_0017,2022-12-31T00:00:00Z,130485,11740,2799
FIRM_0036,2021-09-30T00:00:00Z,130719,29316,2459
FIRM_0056,2022-12-31T00:00:00Z,185016,26569,4266
FIRM_0033,2022-12-31T00:00:00Z,191267,25348,4985
FIRM_0062,2021-03-31T00:00:00Z,154245,37968,3686
FIRM_0031,2023-06-30T00:00:00Z,105726,16279,-3096
FIRM_0023,2023-06-30T00:00:00Z,69271,18389,744
FIRM_0075,2021-09-30T00:00:00Z,101647,17933,4085
FIRM_0100,2022-09-30T00:00:00Z,122880,23547,-754
FIRM_0056,2023-06-30T00:00:00Z,131686,21135,-748
FIRM_0035,2021-12-31T00:00:00Z,80465,16501,2633
FIRM_0036,2022-06-30T00:00:00Z,124199,36763,1734
FIRM_0019,2022-06-30T00:00:00Z,62747,37873,-2266
FIRM_0023,2023-09-30T00:00:00Z,64978,15842,31
FIRM_0045,2021-09-30T00:00:00Z,198590,12739,4834
FIRM_0005,2021-03-31T00:00:00Z,83312,26271,4498
FIRM_0037,2021-06-30T00:00:00Z,131053,8599,1461
FIRM_0030,2021-03-31T00:00:00Z,196828,25441,-725
FIRM_0096,2021-09-30T00:00:00Z,194595,27620,-722
FIRM_0079,2022-12-31T00:00:00Z,191645,16469,-711
FIRM_0003,2021-12-31T00:00:00Z,154526,16899,-933
FIRM_0017,2022-06-30T00:00:00Z,114549,5079,-2468
FIRM_0001,2022-09-30T00:00:00Z,198447,8766,2670
FIRM_0069,2021-06-30T00:00:00Z,65398,15886,2542
FIRM_0014,2022-06-30T00:00:00Z,85112,37082,-3960
FIRM_0082,2023-03-31T00:00:00Z,121703,11093,4023
FIRM_0075,2023-06-30T00:00:00Z,113379,7468,-1058
FIRM_0015,2021-03-31T00:00:00Z,69474,16357,-2019
FIRM_0056,2021-06-30T00:00:00Z,67649,29478,-2557
FIRM_0088,2022-09-30T00:00:00Z,96720,23498,2361
FIRM_0051,2021-09-30T00:00:00Z,136087,28253,3623
FIRM_0007,2023-12-31T00:00:00Z,90636,18153,-4974
FIRM_0027,2023-09-30T00:00:00Z,63671,6678,-3214
FIRM_0085,2022-12-31T00:00:00Z,111518,16714,-4492
FIRM_0050,2022-06-30T00:00:00Z,135567,33466,1439
FIRM_0035,2021-09-30T00:00:00Z,101839,12496,-2192
FIRM_0053,2021-03-31T00:00:00Z,113619,9910,2178
FIRM_0066,2023-09-30T00:00:00Z,172425,25226,-1520
FIRM_0082,2023-12-31T00:00:00Z,199189,31102,-2929
FIRM_0001,2021-09-30T00:00:00Z,73165,28263,3453
FIRM_0063,2023-03-31T00:00:00Z,84167,7544,1529
FIRM_0043,2022-09-30T00:00:00Z,87468,35505,-394
FIRM_0063,2021-12-31T00:00:00Z,128872,27593,-3109
FIRM_0061,2022-03-31T00:00:00Z,153812,33676,1053
FIRM_0057,2023-09-30T00:00:00Z,122836,29300,-4881
FIRM_0060,2023-06-30T00:00:00Z,99357,13794,-3074
FIRM_0023,2021-06-30T00:00:00Z,155834,38522,167
FIRM_0073,2023-12-31T00:00:00Z,154989,10033,-4633
FIRM_0001,2023-12-31T00:00:00Z,81983,31163,1309
FIRM_0037,2021-09-30T00:00:00Z,55098,25555,94
FIRM_0039,2021-06-30T00:00:00Z,67296,30989,-3914
FIRM_0095,2022-06-30T00:00:00Z,147780,20505,-2871
FIRM_0013,2021-03-31T00:00:00Z,161065,29439,4100
FIRM_0057,2023-09-30T00:00:00Z,199049,37294,2852
FIRM_0024,2023-03-31T00:00:00Z,56088,6776,-3480
FIRM_0045,2021-09-30T00:00:00Z,190728,8809,-4784
FIRM_0067,2022-09-30T00:00:00Z,133270,35115,-3887
FIRM_0056,2021-12-31T00:00:00Z,155564,26704,-635
FIRM_0055,2023-09-30T00:00:00Z,78563,28066,2743
FIRM_0019,2022-09-30T00:00:00Z,78352,19422,-4215
FIRM_0028,2022-12-31T00:00:00Z,71028,15586,3946
FIRM_0056,2021-06-30T00:00:00Z,114542,39965,-2388
FIRM_0013,2021-06-30T00:00:00Z,54484,18783,-2496
FIRM_0063,2023-06-30T00:00:00Z,182358,13885,-4076
FIRM_0097,2021-12-31T00:00:00Z,108894,31390,1242
FIRM_0089,2021-09-30T00:00:00Z,195031,13031,1933
FIRM_0068,2022-12-31T00:00:00Z,158339,7022,3438
FIRM_0068,2021-12-31T00:00:00Z,117011,25113,3222
FIRM_0053,2023-09-30T00:00:00Z,170616,10320,4348
FIRM_0071,2022-03-31T00:00:00Z,135975,11350,-4781
FIRM_0060,2022-06-30T00:00:00Z,87086,10663,-2253
FIRM_0010,2022-09-30T00:00:00Z,121737,27765,3289
FIRM_0039,2022-09-30T00:00:00Z,141322,21601,2725
FIRM_0096,2021-09-30T00:00:00Z,77205,38831,2327
FIRM_0009,2022-09-30T00:00:00Z,187657,21052,668
FIRM_0050,2021-12-31T00:00:00Z,100924,13010,-3148
FIRM_0008,2023-09-30T00:00:00Z,150993,37513,-3801
FIRM_0090,2021-06-30T00:00:00Z,92795,26950,-4669
FIRM_0028,2022-09-30T00:00:00Z,61963,23566,4817
FIRM_0071,2022-03-31T00:00:00Z,99095,31532,4611
FIRM_0012,2021-09-30T00:00:00Z,138895,8383,-2096
FIRM_0019,2022-09-30T00:00:00Z,96455,14090,2143
FIRM_0058,2023-06-30T00:00:00Z,88744,15820,3178
FIRM_0035,2022-03-31T00:00:00Z,96092,8585,-4235
FIRM_0062,2021-06-30T00:00:00Z,129069,18948,-184
FIRM_0023,2022-03-31T00:00:00Z,84729,34102,695
FIRM_0058,2023-06-30T00:00:00Z,83757,11400,1027
FIRM_0031,2021-06-30T00:00:00Z,163140,30401,-1594
FIRM_0046,2021-03-31T00:00:00Z,63828,11280,-3212
FIRM_0097,2021-03-31T00:00:00Z,190141,31122,3807
FIRM_0074,2023-09-30T00:00:00Z,126355,34499,3644
FIRM_0001,2022-06-30T00:00:00Z,55497,37948,1221
FIRM_0081,2021-09-30T00:00:00Z,152477,28986,-4834
FIRM_0076,2023-09-30T00:00:00Z,126302,25620,-500
FIRM_0099,2023-09-30T00:00:00Z,135801,22320,1003
FIRM_0038,2022-03-31T00:00:00Z,136854,19158,902
FIRM_0062,2021-12-31T00:00:00Z,185480,25973,4988
FIRM_0008,2021-09-30T00:00:00Z,67851,30628,4077
FIRM_0035,2022-06-30T00:00:00Z,173343,23252,-532
FIRM_0089,2021-09-30T00:00:00Z,164793,26934,-1103
FIRM_0058,2023-06-30T00:00:00Z,121149,10234,-2525
FIRM_0086,2021-03-31T00:00:00Z,63558,8592,-2106
FIRM_0072,2022-09-30T00:00:00Z,101400,15014,3678
FIRM_0037,2021-09-30T00:00:00Z,78382,13616,-4504
FIRM_0013,2023-06-30T00:00:00Z,188505,16270,1130
FIRM_0032,2022-06-30T00:00:00Z,156137,8404,3985
FIRM_0047,2023-03-31T00:00:00Z,129248,38355,3585
FIRM_0095,2022-12-31T00:00:00Z,50372,22121,2652
FIRM_0045,2022-06-30T00:00:00Z,90658,10360,-309
FIRM_0016,2023-06-30T00:00:00Z,164878,25442,372
FIRM_0021,2022-12-31T00:00:00Z,57927,9308,-1832
FIRM_0044,2021-03-31T00:00:00Z,152250,34717,3340
FIRM_0091,2023-12-31T00:00:00Z,113210,9618,-2549
FIRM_0098,2021-09-30T00:00:00Z,139987,35128,4757
FIRM_0075,2021-06-30T00:00:00Z,109271,8992,-3260
FIRM_0035,2021-12-31T00:00:00Z,51948,13769,4855
FIRM_0040,2021-06-30T00:00:00Z,102686,26415,4197
FIRM_0039,2021-03-31T00:00:00Z,116319,5460,-1400
FIRM_0015,2021-03-31T00:00:00Z,108506,30838,383
FIRM_0084,2023-06-30T00:00:00Z,101720,12529,-3244
FIRM_0075,2021-09-30T00:00:00Z,168583,12002,4850
FIRM_0055,2021-06-30T00:00:00Z,98518,11372,-450
FIRM_0057,2022-06-30T00:00:00Z,51119,5862,4181
FIRM_0058,2023-09-30T00:00:00Z,162857,20146,-3937
FIRM_0089,2021-12-31T00:00:00Z,172706,20855,-750
FIRM_0037,2021-06-30T00:00:00Z,107661,38649,1945
FIRM_0076,2021-06-30T00:00:00Z,195381,16686,-1051
FIRM_0058,2022-09-30T00:00:00Z,136833,5749,209
FIRM_0008,2022-06-30T00:00:00Z,193988,30127,-4548
FIRM_0028,2023-09-30T00:00:00Z,188020,32966,539
FIRM_0047,2023-12-31T00:00:00Z,68419,19502,-4020
FIRM_0068,2023-06-30T00:00:00Z,184747,13346,4322
FIRM_0026,2021-12-31T00:00:00Z,163401,9206,576
FIRM_0078,2022-09-30T00:00:00Z,172480,20876,4157
FIRM_0032,2023-09-30T00:00:00Z,181410,13502,-2354
FIRM_0085,2023-12-31T00:00:00Z,120816,39504,779
FIRM_0024,2021-03-31T00:00:00Z,50925,16681,-3309
FIRM_0043,2021-06-30T00:00:00Z,140866,15533,-4019
FIRM_0062,2022-09-30T00:00:00Z,188044,5434,3988
FIRM_0073,2021-09-30T00:00:00Z,148640,30901,2685
FIRM_0014,2023-06-30T00:00:00Z,55188,33976,-3297
FIRM_0008,2023-03-31T00:00:00Z,90127,17482,734
FIRM_0098,2021-06-30T00:00:00Z,119993,14573,-2802
FIRM_0071,2022-03-31T00:00:00Z,142836,39765,-4687
FIRM_0089,2022-06-30T00:00:00Z,196714,37812,2984
FIRM_0065,2021-06-30T00:00:00Z,112814,15864,-2
FIRM_0053,2023-09-30T00:00:00Z,128695,38747,-4296
FIRM_0002,2022-12-31T00:00:00Z,151512,39653,-4696
FIRM_0028,2023-09-30T00:00:00Z,192015,19294,-2138
FIRM_0056,2023-03-31T00:00:00Z,93098,38157,2272
FIRM_0027,2022-03-31T00:00:00Z,169883,5163,-4043
FIRM_0091,2023-09-30T00:00:00Z,87375,5329,-4721
FIRM_0019,2023-09-30T00:00:00Z,88914,8822,-624
FIRM_0043,2023-12-31T00:00:00Z,145088,10441,4390
FIRM_0099,2023-03-31T00:00:00Z,119230,24967,-1803
FIRM_0088,2023-06-30T00:00:00Z,57992,25353,243
FIRM_0076,2022-09-30T00:00:00Z,51305,37131,760
FIRM_0025,2022-12-31T00:00:00Z,113235,32805,-2268
FIRM_0080,2021-09-30T00:00:00Z,73037,5561,-372
FIRM_0074,2022-06-30T00:00:00Z,58936,12335,1621
FIRM_0034,2023-03-31T00:00:00Z,87383,5785,2821
FIRM_0025,2023-09-30T00:00:00Z,159884,13882,2317
FIRM_0009,2022-06-30T00:00:00Z,167893,6994,-1621
FIRM_0053,2022-12-31T00:00:00Z,113746,8502,-4987
FIRM_0078,2021-09-30T00:00:00Z,87250,21397,414
FIRM_0017,2021-06-30T00:00:00Z,181524,27320,2295
FIRM_0032,2023-09-30T00:00:00Z,118925,28492,-2601
FIRM_0034,2021-09-30T00:00:00Z,97593,9799,1521
FIRM_0006,2021-03-31T00:00:00Z,81639,22181,-2374
FIRM_0038,2023-06-30T00:00:00Z,166115,17003,-2044
FIRM_0047,2022-03-31T00:00:00Z,199818,20903,-499
FIRM_0079,2022-03-31T00:00:00Z,167999,18961,-4724
FIRM_0054,2022-03-31T00:00:00Z,123960,33366,-1475
FIRM_0067,2023-03-31T00:00:00Z,148338,24384,-979
FIRM_0067,2023-06-30T00:00:00Z,186998,29515,-3802
FIRM_0039,2023-12-31T00:00:00Z,98222,15708,4339
FIRM_0083,2023-09-30T00:00:00Z,82046,35702,3396
FIRM_0090,2022-12-31T00:00:00Z,88516,17092,-2520
FIRM_0028,2023-06-30T00:00:00Z,60921,5413,-1492
FIRM_0095,2023-09-30T00:00:00Z,89277,8039,-3874
FIRM_0051,2022-12-31T00:00:00Z,185883,8346,-937
FIRM_0003,2023-03-31T00:00:00Z,90429,35026,-3180
FIRM_0055,2023-09-30T00:00:00Z,72310,10956,2853
FIRM_0069,2023-03-31T00:00:00Z,117259,33723,4536
FIRM_0095,2021-09-30T00:00:00Z,180005,28105,-1091
FIRM_0033,2021-03-31T00:00:00Z,74563,34949,-1551
FIRM_0004,2022-06-30T00:00:00Z,99522,19611,3998
FIRM_0048,2021-09-30T00:00:00Z,126077,16469,-4808
FIRM_0028,2021-12-31T00:00:00Z,82132,35512,-3083
FIRM_0009,2021-03-31T00:00:00Z,150365,27949,1892
FIRM_0016,2023-06-30T00:00:00Z,63330,16811,2614
FIRM_0042,2021-06-30T00:00:00Z,140652,24614,-4730
FIRM_0018,2023-09-30T00:00:00Z,161187,7095,-3230
FIRM_0002,2022-03-31T00:00:00Z,115337,37870,-1073
FIRM_0087,2021-12-31T00:00:00Z,113307,27242,409
FIRM_0060,2022-12-31T00:00:00Z,158592,10939,-1213
FIRM_0100,2021-09-30T00:00:00Z,183664,37536,1999
FIRM_0048,2023-06-30T00:00:00Z,163110,6105,-2742
FIRM_0099,2021-09-30T00:00:00Z,124312,14620,-2388
FIRM_0046,2022-09-30T00:00:00Z,65740,10517,-494
FIRM_0001,2022-03-31T00:00:00Z,199695,28492,4857
FIRM_0082,2022-09-30T00:00:00Z,180847,27795,-1812
FIRM_0097,2023-06-30T00:00:00Z,170404,9973,-4557
FIRM_0099,2021-12-31T00:00:00Z,148279,39829,4561
FIRM_0084,2022-12-31T00:00:00Z,121942,17578,290
FIRM_0030,2023-03-31T00:00:00Z,73350,27630,-130
FIRM_0056,2022-03-31T00:00:00Z,57522,21177,3454
FIRM_0043,2023-06-30T00:00:00Z,154390,15903,4650
FIRM_0008,2023-03-31T00:00:00Z,97939,13076,-1435
FIRM_0008,2021-03-31T00:00:00Z,126621,10038,-2913
FIRM_0077,2023-12-31T00:00:00Z,58613,13419,4693
FIRM_0070,2022-03-31T00:00:00Z,97692,26799,302
FIRM_0097,2021-12-31T00:00:00Z,103818,22884,798
FIRM_0082,2023-06-30T00:00:00Z,142774,30947,2788
FIRM_0071,2023-09-30T00:00:00Z,151908,6004,-4757
FIRM_0012,2021-09-30T00:00:00Z,159033,24183,-3414
FIRM_0020,2023-06-30T00:00:00Z,81430,38403,3055
FIRM_0052,2022-06-30T00:00:00Z,154551,28145,-2151
FIRM_0080,2022-09-30T00:00:00Z,72519,25878,968
FIRM_0087,2021-06-30T00:00:00Z,154943,8065,581
FIRM_0044,2021-03-31T00:00:00Z,83971,9368,-1018
FIRM_0049,2022-12-31T00:00:00Z,70837,32911,3981
FIRM_0071,2022-06-30T00:00:00Z,185467,39449,1953
FIRM_0021,2022-03-31T00:00:00Z,194518,21077,-309
FIRM_0069,2021-09-30T00:00:00Z,68972,13747,4963
FIRM_0075,2023-03-31T00:00:00Z,92934,26956,4505
FIRM_0069,2021-09-30T00:00:00Z,92730,16443,-2144
FIRM_0013,2023-03-31T00:00:00Z,195507,9628,935
FIRM_0018,2022-09-30T00:00:00Z,172496,13159,-2655
FIRM_0073,2021-12-31T00:00:00Z,197115,30627,-2453
FIRM_0045,2021-12-31T00:00:00Z,191394,14766,-3530
FIRM_0001,2022-12-31T00:00:00Z,124919,29100,1790
FIRM_0087,2023-03-31T00:00:00Z,82525,28593,220
FIRM_0096,2022-09-30T00:00:00Z,67742,33217,-4750
FIRM_0064,2022-09-30T00:00:00Z,163046,18262,2060
FIRM_0077,2022-03-31T00:00:00Z,80939,5573,174
FIRM_0038,2023-06-30T00:00:00Z,157948,30379,2476
FIRM_0036,2021-06-30T00:00:00Z,51095,15956,1969
FIRM_0004,2021-06-30T00:00:00Z,172692,25579,3784
FIRM_0053,2021-12-31T00:00:00Z,184162,34137,-505
FIRM_0011,2021-03-31T00:00:00Z,193308,11632,-315
FIRM_0072,2023-03-31T00:00:00Z,58812,20565,2353
FIRM_0080,2022-03-31T00:00:00Z,118251,18433,3692
FIRM_0030,2023-09-30T00:00:00Z,193670,25013,-315
FIRM_0021,2022-09-30T00:00:00Z,150611,33189,-3474
FIRM_0001,2023-06-30T00:00:00Z,91832,23345,-1054
FIRM_0005,2022-09-30T00:00:00Z,160194,26982,4270
FIRM_0086,2022-06-30T00:00:00Z,67360,28497,-3858
FIRM_0042,2023-06-30T00:00:00Z,138982,13974,856
FIRM_0065,2023-09-30T00:00:00Z,109579,20067,1599
FIRM_0014,2023-06-30T00:00:00Z,132666,36147,2709
FIRM_0041,2022-03-31T00:00:00Z,196258,12048,-4893
FIRM_0078,2022-09-30T00:00:00Z,199652,13851,-2760
FIRM_0078,2023-09-30T00:00:00Z,85015,31547,-2196
FIRM_0056,2022-12-31T00:00:00Z,59157,37472,2430
FIRM_0041,2023-03-31T00:00:00Z,171096,5654,-4123
FIRM_0051,2021-03-31T00:00:00Z,142894,16933,3921
FIRM_0090,2023-09-30T00:00:00Z,141868,30304,-4614
FIRM_0030,2021-09-30T00:00:00Z,70438,23372,1422
FIRM_0012,2023-12-31T00:00:00Z,56659,38498,1577
FIRM_0050,2022-03-31T00:00:00Z,124728,36201,2357
FIRM_0092,2023-12-31T00:00:00Z,159207,28892,-117
FIRM_0048,2022-12-31T00:00:00Z,102001,7005,4603
FIRM_0059,2023-03-31T00:00:00Z,97719,5892,3675
FIRM_0012,2021-03-31T00:00:00Z,50889,10863,1488
FIRM_0019,2022-03-31T00:00:00Z,150387,7416,-4290
FIRM_0078,2022-06-30T00:00:00Z,186283,19864,-1066
FIRM_0018,2022-03-31T00:00:00Z,166069,16921,2236
FIRM_0010,2023-12-31T00:00:00Z,56008,20890,1208
FIRM_0013,2021-06-30T00:00:00Z,64279,38670,2812
FIRM_0095,2022-06-30T00:00:00Z,92026,16246,72
FIRM_0087,2023-03-31T00:00:00Z,145391,39566,-3691
FIRM_0045,2023-09-30T00:00:00Z,126170,32928,737
FIRM_0002,2023-12-31T00:00:00Z,61667,14679,2011
FIRM_0016,2021-09-30T00:00:00Z,104067,28728,-4640
FIRM_0054,2023-12-31T00:00:00Z,96913,6577,-3370
FIRM_0044,2022-06-30T00:00:00Z,165745,15534,-4899
FIRM_0100,2021-09-30T00:00:00Z,52069,30697,4817
FIRM_0020,2023-06-30T00:00:00Z,193105,7938,-1220
FIRM_0094,2021-03-31T00:00:00Z,136007,12015,409
FIRM_0089,2021-06-30T00:00:00Z,192648,33586,1051
FIRM_0081,2022-09-30T00:00:00Z,53921,37639,-1944
FIRM_0082,2021-12-31T00:00:00Z,104447,25331,2714
FIRM_0088,2021-12-31T00:00:00Z,175974,6450,-3122
FIRM_0005,2022-03-31T00:00:00Z,116724,30250,3871
FIRM_0060,2022-03-31T00:00:00Z,137093,27577,888
FIRM_0059,2022-09-30T00:00:00Z,99883,28085,-1413
FIRM_0058,2022-03-31T00:00:00Z,55071,23012,-2869
FIRM_0070,2023-03-31T00:00:00Z,118772,34611,-1097
FIRM_0009,2021-03-31T00:00:00Z,145498,11555,87
FIRM_0056,2022-06-30T00:00:00Z,147335,29229,-2007
FIRM_0037,2021-12-31T00:00:00Z,84597,36427,2755
FIRM_0097,2022-09-30T00:00:00Z,92979,8822,-3260
FIRM_0023,2023-12-31T00:00:00Z,69775,39786,-670
FIRM_0002,2022-12-31T00:00:00Z,61385,9193,2422
FIRM_0088,2021-12-31T00:00:00Z,81980,31256,-3441
FIRM_0074,2023-12-31T00:00:00Z,58484,32274,-2354
FIRM_0058,2022-09-30T00:00:00Z,81931,24555,1169
FIRM_0080,2022-06-30T00:00:00Z,157261,22086,-1161
FIRM_0044,2021-06-30T00:00:00Z,171769,24890,-774
FIRM_0039,2023-06-30T00:00:00Z,79903,6585,-2049
FIRM_0082,2022-06-30T00:00:00Z,117652,31111,1100
FIRM_0028,2021-03-31T00:00:00Z,154307,27298,4138
FIRM_0059,2022-09-30T00:00:00Z,150274,27335,910
FIRM_0046,2023-09-30T00:00:00Z,187716,16313,1187
FIRM_0021,2023-09-30T00:00:00Z,119756,38697,-1165
FIRM_0039,2023-03-31T00:00:00Z,104068,28017,3354
FIRM_0021,2023-12-31T00:00:00Z,118279,20443,821
FIRM_0087,2023-09-30T00:00:00Z,153085,22382,-4773
FIRM_0066,2022-03-31T00:00:00Z,105205,25473,-2501
FIRM_0052,2023-09-30T00:00:00Z,171984,17908,792
FIRM_0077,2022-03-31T00:00:00Z,53819,35499,1337
FIRM_0054,2021-12-31T00:00:00Z,111150,34918,-3799
FIRM_0027,2023-03-31T00:00:00Z,141093,39171,-302
FIRM_0085,2023-03-31T00:00:00Z,81702,30319,-2228
FIRM_0024,2021-06-30T00:00:00Z,189501,12244,148
FIRM_0026,2021-03-31T00:00:00Z,93750,5122,3926
FIRM_0002,2021-12-31T00:00:00Z,85153,39147,-4775
FIRM_0095,2021-03-31T00:00:00Z,73682,8839,-939
FIRM_0046,2021-03-31T00:00:00Z,151445,35158,-4102
FIRM_0052,2022-12-31T00:00:00Z,198423,7871,1280
FIRM_0049,2022-09-30T00:00:00Z,113290,35689,4322
FIRM_0098,2023-09-30T00:00:00Z,168538,22495,-4582
FIRM_0024,2021-06-30T00:00:00Z,131784,19768,136
FIRM_0068,2021-09-30T00:00:00Z,190602,38169,1832
FIRM_0079,2021-12-31T00:00:00Z,197912,12762,783
FIRM_0021,2022-03-31T00:00:00Z,185714,19704,364
FIRM_0085,2021-09-30T00:00:00Z,74841,15852,1963
FIRM_0018,2023-06-30T00:00:00Z,164958,28393,4736
FIRM_0097,2022-12-31T00:00:00Z,154999,34703,1113
FIRM_0087,2021-09-30T00:00:00Z,134366,19512,-349
FIRM_0097,2022-06-30T00:00:00Z,151882,30842,-3698
FIRM_0080,2022-09-30T00:00:00Z,141145,18765,-1714
FIRM_0084,2023-06-30T00:00:00Z,170671,36317,-4279
FIRM_0083,2023-09-30T00:00:00Z,115507,6268,2996
FIRM_0007,2021-06-30T00:00:00Z,192722,16487,-975
FIRM_0088,2021-09-30T00:00:00Z,150790,30915,4119
FIRM_0076,2023-03-31T00:00:00Z,176520,35390,2570
FIRM_0043,2021-12-31T00:00:00Z,197402,16561,1617
FIRM_0063,2023-12-31T00:00:00Z,151514,23575,3057
FIRM_0011,2021-03-31T00:00:00Z,169562,25566,3478
FIRM_0027,2021-12-31T00:00:00Z,90599,22251,1592
FIRM_0036,2022-03-31T00:00:00Z,193658,16561,2615
FIRM_0066,2022-12-31T00:00:00Z,178521,9429,-4509
FIRM_0046,2021-12-31T00:00:00Z,186547,21347,-3939
FIRM_0100,2023-03-31T00:00:00Z,188548,14254,-1686
FIRM_0054,2021-06-30T00:00:00Z,192129,6877,4391
FIRM_0002,2021-06-30T00:00:00Z,177238,15113,1907
FIRM_0048,2022-03-31T00:00:00Z,117722,39893,-262
FIRM_0016,2022-12-31T00:00:00Z,167575,26984,-4523
FIRM_0069,2022-12-31T00:00:00Z,72208,11012,-1028
FIRM_0030,2022-09-30T00:00:00Z,54518,38645,-4613
FIRM_0063,2021-03-31T00:00:00Z,85336,15342,4793
FIRM_0030,2023-12-31T00:00:00Z,184590,19649,-1275
FIRM_0009,2021-06-30T00:00:00Z,180911,25840,-88
FIRM_0078,2021-06-30T00:00:00Z,115082,24261,-1584
FIRM_0088,2021-09-30T00:00:00Z,51053,7733,398
FIRM_0088,2022-03-31T00:00:00Z,75214,22257,3332
FIRM_0066,2022-09-30T00:00:00Z,165431,25171,-782
FIRM_0026,2021-06-30T00:00:00Z,128482,34401,-3252
FIRM_0002,2023-06-30T00:00:00Z,59482,6012,2087
FIRM_0024,2022-09-30T00:00:00Z,108563,22040,-1256
FIRM_0028,2021-03-31T00:00:00Z,199441,31547,3118
FIRM_0061,2021-06-30T00:00:00Z,104807,25365,23
FIRM_0025,2022-09-30T00:00:00Z,171486,39205,-2596
FIRM_0025,2023-12-31T00:00:00Z,158441,22075,-514
FIRM_0081,2023-09-30T00:00:00Z,125398,14135,3732
FIRM_0050,2023-12-31T00:00:00Z,72525,37008,-3132
FIRM_0032,2022-06-30T00:00:00Z,179780,14592,-2974
FIRM_0071,2021-09-30T00:00:00Z,71521,14820,-3086
FIRM_0079,2023-09-30T00:00:00Z,75384,14653,4518
FIRM_0077,2022-03-31T00:00:00Z,87578,6835,4593
FIRM_0049,2022-06-30T00:00:00Z,116725,10262,-4282
FIRM_0059,2021-09-30T00:00:00Z,104080,19766,-2185
FIRM_0008,2022-03-31T00:00:00Z,122632,39407,-4380
FIRM_0016,2023-06-30T00:00:00Z,168830,20082,-2245
FIRM_0050,2021-03-31T00:00:00Z,170449,27503,4706
FIRM_0052,2022-12-31T00:00:00Z,85828,34963,814
FIRM_0046,2021-03-31T00:00:00Z,197273,20623,-997
FIRM_0063,2021-09-30T00:00:00Z,119909,23365,-3960
FIRM_0078,2021-03-31T00:00:00Z,173823,32541,871
FIRM_0053,2023-09-30T00:00:00Z,69975,19995,783
FIRM_0073,2022-06-30T00:00:00Z,92023,22495,-219
FIRM_0071,2022-12-31T00:00:00Z,97716,21333,-3017
FIRM_0059,2022-06-30T00:00:00Z,126128,6975,2664
FIRM_0046,2023-12-31T00:00:00Z,111677,21042,-1925
FIRM_0002,2022-12-31T00:00:00Z,76751,5832,-909
FIRM_0058,2022-06-30T00:00:00Z,188241,8979,-1775
FIRM_0090,2021-03-31T00:00:00Z,147234,18107,3950
FIRM_0095,2021-12-31T00:00:00Z,66243,27608,4971
FIRM_0049,2021-12-31T00:00:00Z,152760,10537,-1528
FIRM_0044,2021-06-30T00:00:00Z,194341,5800,3649
FIRM_0013,2023-12-31T00:00:00Z,59061,34462,4218
FIRM_0035,2022-06-30T00:00:00Z,135902,24459,0
FIRM_0056,2022-06-30T00:00:00Z,151362,33952,2331
FIRM_0020,2023-06-30T00:00:00Z,136546,29101,-2233
FIRM_0036,2022-03-31T00:00:00Z,158206,31607,-3594
FIRM_0004,2021-12-31T00:00:00Z,54430,26671,1578
FIRM_0061,2021-06-30T00:00:00Z,78344,24112,1274
FIRM_0026,2021-09-30T00:00:00Z,79495,15388,-642
FIRM_0096,2021-06-30T00:00:00Z,184918,35628,-2567
FIRM_0001,2023-09-30T00:00:00Z,180775,27374,130
FIRM_0022,2021-12-31T00:00:00Z,174444,7903,-278
FIRM_0024,2021-12-31T00:00:00Z,148052,10324,-1174
FIRM_0003,2021-09-30T00:00:00Z,100042,9858,-616
FIRM_0100,2021-09-30T00:00:00Z,111923,30847,4233
FIRM_0023,2021-12-31T00:00:00Z,192770,27463,-4614
FIRM_0014,2023-12-31T00:00:00Z,150549,5317,-1520
FIRM_0008,2023-03-31T00:00:00Z,190706,21445,4273
FIRM_0065,2023-06-30T00:00:00Z,121202,12920,-4210
FIRM_0084,2023-09-30T00:00:00Z,135559,16453,4764
FIRM_0026,2022-06-30T00:00:00Z,86453,26014,2316
FIRM_0011,2023-09-30T00:00:00Z,168999,10384,-1059
FIRM_0071,2022-03-31T00:00:00Z,137025,10178,-4551
FIRM_0077,2022-03-31T00:00:00Z,180512,21214,-2836
FIRM_0054,2023-06-30T00:00:00Z,68813,37458,3044
FIRM_0045,2022-03-31T00:00:00Z,79144,9177,882
FIRM_0038,2021-03-31T00:00:00Z,123102,18352,-2057
FIRM_0069,2022-03-31T00:00:00Z,119316,21412,-1016
FIRM_0052,2022-12-31T00:00:00Z,162673,14701,4654
FIRM_0096,2023-12-31T00:00:00Z,144642,29633,4035
FIRM_0029,2023-09-30T00:00:00Z,161976,21688,-1046
FIRM_0048,2023-03-31T00:00:00Z,88879,25040,3417
FIRM_0090,2021-03-31T00:00:00Z,174437,31731,4940
FIRM_0074,2023-03-31T00:00:00Z,88391,15201,2581
FIRM_0041,2022-03-31T00:00:00Z,102241,11675,4990
FIRM_0025,2021-12-31T00:00:00Z,54654,17787,4303
FIRM_0023,2022-09-30T00:00:00Z,128890,7616,1077
FIRM_0021,2021-09-30T00:00:00Z,102064,31789,2083
FIRM_0046,2022-12-31T00:00:00Z,52106,9729,2156
FIRM_0096,2022-09-30T00:00:00Z,173950,23240,-4887
FIRM_0061,2021-12-31T00:00:00Z,162066,27401,-786
FIRM_0013,2022-06-30T00:00:00Z,79441,15172,-998
FIRM_0011,2022-06-30T00:00:00Z,117901,31153,4607
FIRM_0031,2021-03-31T00:00:00Z,57667,8409,1795
FIRM_0064,2021-06-30T00:00:00Z,153529,26383,-34
FIRM_0071,2021-12-31T00:00:00Z,79599,33674,4818
FIRM_0098,2022-06-30T00:00:00Z,164703,29960,2721
FIRM_0004,2022-12-31T00:00:00Z,51053,32762,2610
FIRM_0067,2021-06-30T00:00:00Z,62972,9683,4194
FIRM_0059,2023-09-30T00:00:00Z,175804,27866,-1388
FIRM_0064,2021-12-31T00:00:00Z,142159,16209,3553
FIRM_0011,2023-09-30T00:00:00Z,63411,22932,3637
FIRM_0057,2022-12-31T00:00:00Z,68548,11786,-609
FIRM_0027,2021-12-31T00:00:00Z,116449,27564,1786
FIRM_0024,2023-03-31T00:00:00Z,188899,18037,-4428
FIRM_0066,2023-03-31T00:00:00Z,116542,29102,-3159
FIRM_0082,2022-09-30T00:00:00Z,168623,26018,2006
FIRM_0090,2022-09-30T00:00:00Z,65748,30737,-4451
FIRM_0052,2021-06-30T00:00:00Z,179754,8931,765
FIRM_0036,2023-12-31T00:00:00Z,69540,29723,-3327
FIRM_0063,2022-09-30T00:00:00Z,72076,30830,4431
FIRM_0067,2021-06-30T00:00:00Z,108553,24672,1429
FIRM_0016,2021-09-30T00:00:00Z,103352,5414,3763
FIRM_0076,2021-03-31T00:00:00Z,162198,10953,4087
FIRM_0070,2022-12-31T00:00:00Z,135082,6282,-2921
FIRM_0048,2022-06-30T00:00:00Z,149532,36250,2007
FIRM_0001,2022-09-30T00:00:00Z,194149,26267,-1418
FIRM_0090,2021-03-31T00:00:00Z,75436,13794,-4497
FIRM_0088,2021-12-31T00:00:00Z,142995,8641,-3023
FIRM_0086,2022-06-30T00:00:00Z,63328,26650,-3916
FIRM_0043,2021-03-31T00:00:00Z,92935,32483,829
FIRM_0063,2021-12-31T00:00:00Z,182209,7811,2252
FIRM_0028,2022-09-30T00:00:00Z,87147,39072,-4922
FIRM_0008,2021-03-31T00:00:00Z,124714,19880,-1881
FIRM_0004,2023-03-31T00:00:00Z,129013,15708,2667
FIRM_0039,2023-06-30T00:00:00Z,83434,19009,-380
FIRM_0071,2022-06-30T00:00:00Z,81050,12806,1537
FIRM_0054,2023-03-31T00:00:00Z,82642,19330,-2968
FIRM_0055,2021-09-30T00:00:00Z,66783,11812,-2395
FIRM_0031,2023-09-30T00:00:00Z,167685,22631,4708
FIRM_0015,2023-09-30T00:00:00Z,170704,34761,-667
FIRM_0067,2021-03-31T00:00:00Z,50356,6367,-1866
FIRM_0086,2023-12-31T00:00:00Z,64766,11942,2627
FIRM_0004,2023-12-31T00:00:00Z,146929,31892,-2000
FIRM_0016,2022-09-30T00:00:00Z,103786,20325,125
FIRM_0035,2022-06-30T00:00:00Z,71853,37266,-4878
FIRM_0090,2023-03-31T00:00:00Z,160312,34559,285
FIRM_0004,2021-09-30T00:00:00Z,63495,31064,-2841
FIRM_0019,2023-12-31T00:00:00Z,60646,10917,3593
FIRM_0021,2023-09-30T00:00:00Z,96070,34856,-1362
FIRM_0071,2021-09-30T00:00:00Z,74988,10656,-1923
FIRM_0052,2023-12-31T00:00:00Z,72597,8816,3791
FIRM_0057,2021-03-31T00:00:00Z,65211,31409,880
FIRM_0053,2022-06-30T00:00:00Z,68789,29576,-2126
FIRM_0022,2022-09-30T00:00:00Z,137099,34728,-4369
FIRM_0098,2022-12-31T00:00:00Z,72071,37377,1680
FIRM_0050,2023-03-31T00:00:00Z,168099,19738,244
FIRM_0099,2023-09-30T00:00:00Z,170451,15994,-3997
FIRM_0014,2022-09-30T00:00:00Z,141067,16847,-1315
FIRM_0024,2023-03-31T00:00:00Z,169179,27024,2327
FIRM_0033,2023-12-31T00:00:00Z,75788,26278,2059
FIRM_0021,2023-12-31T00:00:00Z,91153,7468,3325
FIRM_0080,2021-06-30T00:00:00Z,53300,13452,-3531
FIRM_0059,2021-12-31T00:00:00Z,151956,13847,662
FIRM_0055,2023-09-30T00:00:00Z,194003,10903,2658
FIRM_0091,2022-12-31T00:00:00Z,87768,21786,-615
FIRM_0092,2023-12-31T00:00:00Z,149298,25172,-2031
FIRM_0035,2022-09-30T00:00:00Z,73315,16187,874
FIRM_0087,2023-06-30T00:00:00Z,70019,30707,549
FIRM_0076,2021-06-30T00:00:00Z,116169,39598,-1638
FIRM_0004,2023-03-31T00:00:00Z,119308,26534,-4780
FIRM_0063,2021-06-30T00:00:00Z,145023,5084,-3542
FIRM_0031,2023-12-31T00:00:00Z,66938,15954,1188
FIRM_0078,2023-12-31T00:00:00Z,106200,35135,247
FIRM_0100,2022-12-31T00:00:00Z,63109,38423,-1507
FIRM_0031,2021-12-31T00:00:00Z,63984,31245,426
FIRM_0044,2021-12-31T00:00:00Z,125427,26878,1205
FIRM_0050,2023-03-31T00:00:00Z,150225,18246,-636
FIRM_0069,2021-03-31T00:00:00Z,99530,24571,-2528
FIRM_0079,2023-12-31T00:00:00Z,87632,25283,2538
FIRM_0029,2022-06-30T00:00:00Z,139204,9918,-737
FIRM_0075,2022-06-30T00:00:00Z,113490,23488,292
FIRM_0090,2021-03-31T00:00:00Z,182149,5020,-49
FIRM_0048,2023-12-31T00:00:00Z,181783,26743,-19
FIRM_0068,2021-03-31T00:00:00Z,138927,21182,-2594
FIRM_0070,2022-06-30T00:00:00Z,149813,30200,-4381
FIRM_0062,2023-03-31T00:00:00Z,51083,18268,-3047
FIRM_0035,2022-03-31T00:00:00Z,52890,39350,-321
FIRM_0054,2021-06-30T00:00:00Z,184054,24159,-2799
FIRM_0042,2023-06-30T00:00:00Z,188136,28634,-4541
FIRM_0002,2022-09-30T00:00:00Z,198966,30179,3128
FIRM_0044,2023-12-31T00:00:00Z,137480,16784,-4509
FIRM_0010,2023-06-30T00:00:00Z,79596,39009,4978
FIRM_0037,2023-06-30T00:00:00Z,147233,18346,407
FIRM_0032,2023-06-30T00:00:00Z,191902,33817,-4339
FIRM_0013,2023-03-31T00:00:00Z,91159,6615,-2199
FIRM_0005,2022-03-31T00:00:00Z,163105,23979,-2166
FIRM_0067,2021-09-30T00:00:00Z,158295,20515,3650
FIRM_0002,2021-03-31T00:00:00Z,160271,37300,-839
FIRM_0066,2021-12-31T00:00:00Z,51223,7156,-3243
FIRM_0002,2022-06-30T00:00:00Z,82816,26546,-845
FIRM_0082,2022-06-30T00:00:00Z,155418,25518,-293
FIRM_0076,2021-09-30T00:00:00Z,184623,33224,3918
FIRM_0036,2022-03-31T00:00:00Z,74957,39884,1958
FIRM_0080,2022-09-30T00:00:00Z,199742,38982,-4393
FIRM_0025,2021-12-31T00:00:00Z,122271,22981,1628
FIRM_0065,2021-09-30T00:00:00Z,115714,15440,1949
FIRM_0062,2021-03-31T00:00:00Z,137078,13488,3291
FIRM_0001,2022-09-30T00:00:00Z,194489,9692,2223
FIRM_0010,2021-03-31T00:00:00Z,101590,6345,4733
FIRM_0036,2022-06-30T00:00:00Z,106729,7628,1327
FIRM_0032,2022-06-30T00:00:00Z,118801,24969,598
FIRM_0084,2023-09-30T00:00:00Z,188552,7446,-3317
FIRM_0086,2021-12-31T00:00:00Z,109452,13697,-2343
FIRM_0024,2022-06-30T00:00:00Z,120936,32943,-4406
FIRM_0018,2023-03-31T00:00:00Z,137167,38510,-1995
FIRM_0018,2021-06-30T00:00:00Z,64370,31107,3718
FIRM_0029,2023-09-30T00:00:00Z,151737,33352,970
FIRM_0069,2021-12-31T00:00:00Z,88631,26138,-3232
FIRM_0073,2023-06-30T00:00:00Z,118802,19333,4173
FIRM_0082,2021-03-31T00:00:00Z,63391,28720,-2130
FIRM_0005,2022-09-30T00:00:00Z,175181,5251,2359
FIRM_0002,2022-09-30T00:00:00Z,134761,31695,2795
FIRM_0062,2021-12-31T00:00:00Z,138243,34077,3538
FIRM_0082,2021-09-30T00:00:00Z,195420,5049,-2903
FIRM_0051,2023-06-30T00:00:00Z,141554,13792,3161
FIRM_0084,2022-06-30T00:00:00Z,72137,34562,-2292
FIRM_0098,2023-12-31T00:00:00Z,192339,29431,4347
FIRM_0053,2023-09-30T00:00:00Z,98710,25684,2852
FIRM_0074,2022-03-31T00:00:00Z,113233,39896,-3186
FIRM_0095,2021-12-31T00:00:00Z,150783,23817,-2881
FIRM_0027,2021-12-31T00:00:00Z,188922,9928,-593
FIRM_0082,2022-03-31T00:00:00Z,191482,9227,1794
FIRM_0082,2022-03-31T00:00:00Z,121379,9802,-769
FIRM_0097,2021-12-31T00:00:00Z,134249,36915,976
FIRM_0063,2022-06-30T00:00:00Z,55641,25251,-3366
FIRM_0051,2023-06-30T00:00:00Z,71664,32441,3329
FIRM_0047,2023-03-31T00:00:00Z,112664,18312,-1074
FIRM_0033,2022-03-31T00:00:00Z,158070,39029,-1385
FIRM_0023,2023-12-31T00:00:00Z,73999,7597,1962
FIRM_0050,2021-03-31T00:00:00Z,188788,9785,4461
FIRM_0063,2021-12-31T00:00:00Z,180873,38969,3648
FIRM_0082,2021-06-30T00:00:00Z,80920,31783,-3280
FIRM_0094,2021-12-31T00:00:00Z,59841,25721,3660
FIRM_0074,2021-06-30T00:00:00Z,121675,20948,1477
FIRM_0099,2021-03-31T00:00:00Z,168752,27697,-199
FIRM_0071,2022-09-30T00:00:00Z,58102,35836,-770
FIRM_0067,2022-12-31T00:00:00Z,83777,28589,1396
FIRM_0061,2022-09-30T00:00:00Z,187449,33501,-497
FIRM_0001,2021-03-31T00:00:00Z,173296,16581,-3803
FIRM_0076,2022-03-31T00:00:00Z,138981,35696,-2212
FIRM_0059,2022-09-30T00:00:00Z,76226,13832,1567
FIRM_0005,2021-06-30T00:00:00Z,98567,23120,1708
FIRM_0069,2022-03-31T00:00:00Z,107869,16197,-3852
FIRM_0006,2021-09-30T00:00:00Z,139707,13625,1234
FIRM_0055,2021-06-30T00:00:00Z,101383,34120,-4465
FIRM_0051,2023-12-31T00:00:00Z,186298,17347,-4472
FIRM_0042,2023-03-31T00:00:00Z,86773,31500,1949
FIRM_0047,2022-12-31T00:00:00Z,125237,10478,2290
FIRM_0015,2022-06-30T00:00:00Z,73540,31482,-4875
FIRM_0056,2022-09-30T00:00:00Z,89275,30283,-2765
FIRM_0022,2023-12-31T00:00:00Z,136150,13049,3797
FIRM_0041,2022-06-30T00:00:00Z,179954,26903,-634
FIRM_0086,2021-03-31T00:00:00Z,99928,24644,-4463
FIRM_0051,2023-09-30T00:00:00Z,163581,14243,309
FIRM_0055,2021-12-31T00:00:00Z,153774,12383,3109
FIRM_0041,2022-06-30T00:00:00Z,57438,13393,2793
FIRM_0031,2023-09-30T00:00:00Z,147359,38265,-1794
FIRM_0057,2022-09-30T00:00:00Z,81104,24827,3584
FIRM_0059,2021-09-30T00:00:00Z,167796,22467,-202
FIRM_0039,2023-12-31T00:00:00Z,65090,34242,-3636
FIRM_0045,2022-12-31T00:00:00Z,84134,26007,-943
FIRM_0027,2021-12-31T00:00:00Z,155102,14002,158
FIRM_0073,2021-03-31T00:00:00Z,107933,25744,-3196
FIRM_0017,2023-09-30T00:00:00Z,129951,15422,4629
FIRM_0019,2023-12-31T00:00:00Z,100514,14400,-2181
FIRM_0088,2023-12-31T00:00:00Z,84616,19565,946
FIRM_0084,2021-12-31T00:00:00Z,62358,5821,-49
FIRM_0068,2021-03-31T00:00:00Z,118302,11665,-1137
FIRM_0031,2022-12-31T00:00:00Z,177561,28400,1496
FIRM_0049,2022-12-31T00:00:00Z,140167,21983,-149
FIRM_0081,2022-12-31T00:00:00Z,83255,37022,-3313
FIRM_0018,2021-03-31T00:00:00Z,170895,32858,-4642
FIRM_0023,2023-12-31T00:00:00Z,115428,22533,-2649
FIRM_0048,2023-12-31T00:00:00Z,133351,5282,-1983
FIRM_0029,2023-03-31T00:00:00Z,193862,11016,3119
FIRM_0090,2022-06-30T00:00:00Z,129287,20935,1640
FIRM_0068,2021-06-30T00:00:00Z,167893,10722,-763
FIRM_0099,2021-06-30T00:00:00Z,191674,39712,613
FIRM_0071,2021-03-31T00:00:00Z,116519,25374,4663
FIRM_0075,2023-09-30T00:00:00Z,89394,25825,-4676
FIRM_0006,2023-06-30T00:00:00Z,153366,19834,2847
FIRM_0014,2021-03-31T00:00:00Z,103614,22012,3784
FIRM_0036,2022-03-31T00:00:00Z,82262,10111,-382
FIRM_0005,2021-03-31T00:00:00Z,126946,22725,3081
FIRM_0058,2021-06-30T00:00:00Z,147991,37593,-3308
FIRM_0044,2021-06-30T00:00:00Z,199650,28662,-1956
FIRM_0081,2021-12-31T00:00:00Z,63041,10232,-50
FIRM_0059,2021-12-31T00:00:00Z,77144,14997,-2271
FIRM_0010,2023-09-30T00:00:00Z,56841,31062,1189
FIRM_0070,2021-03-31T00:00:00Z,92969,11478,-988
FIRM_0072,2023-06-30T00:00:00Z,188101,10017,-22
FIRM_0077,2021-12-31T00:00:00Z,65064,11347,1742
FIRM_0035,2023-06-30T00:00:00Z,121697,39060,-2530
FIRM_0045,2021-06-30T00:00:00Z,125040,15477,-1050
FIRM_0067,2022-12-31T00:00:00Z,166469,11345,-2032
FIRM_0078,2021-12-31T00:00:00Z,79703,10596,3912
FIRM_0068,2023-03-31T00:00:00Z,160439,24412,-2246
FIRM_0002,2021-03-31T00:00:00Z,76500,33478,-770
FIRM_0054,2021-06-30T00:00:00Z,183579,6583,4211
FIRM_0037,2022-09-30T00:00:00Z,68043,14463,-3489
FIRM_0097,2021-06-30T00:00:00Z,60149,26062,3025
FIRM_0098,2022-12-31T00:00:00Z,179714,28459,2694
FIRM_0082,2022-12-31T00:00:00Z,156915,18637,-3919
FIRM_0058,2023-09-30T00:00:00Z,163312,39730,3358
FIRM_0012,2023-12-31T00:00:00Z,66974,36385,-37
FIRM_0049,2021-06-30T00:00:00Z,72847,16792,-507
FIRM_0080,2023-03-31T00:00:00Z,87905,32375,2373
FIRM_0033,2023-12-31T00:00:00Z,102788,34101,2116
FIRM_0091,2023-09-30T00:00:00Z,188376,7499,3437
FIRM_0084,2022-09-30T00:00:00Z,175008,24289,-2187
FIRM_0005,2021-09-30T00:00:00Z,138861,19923,376
FIRM_0034,2022-06-30T00:00:00Z,160994,24644,4255
FIRM_0009,2021-09-30T00:00:00Z,142695,14743,-593
FIRM_0055,2023-06-30T00:00:00Z,143609,10377,535
FIRM_0019,2023-12-31T00:00:00Z,61176,13635,-3272
FIRM_0025,2023-03-31T00:00:00Z,161030,37726,-2348
FIRM_0082,2022-06-30T00:00:00Z,59230,9293,2608
FIRM_0081,2021-09-30T00:00:00Z,72664,14609,4361
FIRM_0068,2021-09-30T00:00:00Z,117767,23798,4386
FIRM_0037,2022-09-30T00:00:00Z,177590,22131,451
FIRM_0057,2021-09-30T00:00:00Z,89386,36942,213
FIRM_0012,2022-03-31T00:00:00Z,122780,16185,-2567
FIRM_0059,2022-09-30T00:00:00Z,194672,32984,946
FIRM_0089,2023-03-31T00:00:00Z,176777,16088,195
FIRM_0096,2022-12-31T00:00:00Z,158656,25888,-4569
FIRM_0069,2023-03-31T00:00:00Z,78130,27098,2859
FIRM_0025,2023-09-30T00:00:00Z,192926,23671,-2114
FIRM_0058,2021-09-30T00:00:00Z,186207,9975,4888
FIRM_0064,2021-03-31T00:00:00Z,164079,15992,3045
FIRM_0014,2022-03-31T00:00:00Z,128946,23183,-157
FIRM_0053,2021-12-31T00:00:00Z,89372,35544,-2341
FIRM_0049,2022-03-31T00:00:00Z,66311,13247,4918
FIRM_0006,2023-03-31T00:00:00Z,130944,38293,807
FIRM_0022,2022-09-30T00:00:00Z,120852,7361,599
FIRM_0042,2022-03-31T00:00:00Z,54505,17420,3576
FIRM_0043,2022-12-31T00:00:00Z,63858,28200,-3158
FIRM_0073,2023-12-31T00:00:00Z,73832,23385,4233
FIRM_0026,2022-06-30T00:00:00Z,99922,10188,3890
FIRM_0068,2021-03-31T00:00:00Z,62868,37092,-78
FIRM_0099,2023-12-31T00:00:00Z,80274,20480,1091
FIRM_0079,2022-09-30T00:00:00Z,106043,28655,3579
FIRM_0042,2021-06-30T00:00:00Z,97455,16837,-4441
FIRM_0088,2023-03-31T00:00:00Z,68165,7540,4528
FIRM_0073,2023-09-30T00:00:00Z,157678,34218,-465
FIRM_0007,2021-06-30T00:00:00Z,91585,24118,-3207
FIRM_0022,2022-06-30T00:00:00Z,133641,26919,497
FIRM_0031,2023-09-30T00:00:00Z,160876,38197,3647
FIRM_0087,2023-09-30T00:00:00Z,156021,10877,-4152
FIRM_0054,2021-03-31T00:00:00Z,121355,10786,3210
FIRM_0003,2022-12-31T00:00:00Z,162220,25761,-1397
FIRM_0091,2022-03-31T00:00:00Z,196140,23739,263
FIRM_0088,2022-09-30T00:00:00Z,147112,29518,-3368
FIRM_0054,2022-09-30T00:00:00Z,185130,21265,-1799
FIRM_0016,2022-03-31T00:00:00Z,169946,26276,2939
FIRM_0089,2021-09-30T00:00:00Z,63246,8788,-537
FIRM_0070,2021-12-31T00:00:00Z,52049,5102,4690
FIRM_0093,2021-09-30T00:00:00Z,184098,10690,3480
FIRM_0046,2022-12-31T00:00:00Z,144700,36536,-4603
FIRM_0041,2023-03-31T00:00:00Z,90279,14287,-2352
FIRM_0089,2021-09-30T00:00:00Z,64789,15668,-1149
FIRM_0015,2021-09-30T00:00:00Z,92702,18017,-4166
FIRM_0046,2023-03-31T00:00:00Z,167423,19560,1249
FIRM_0091,2022-12-31T00:00:00Z,82254,11719,4060
FIRM_0009,2021-12-31T00:00:00Z,79547,18246,-2646
FIRM_0073,2023-12-31T00:00:00Z,106216,19268,-4169
FIRM_0021,2023-09-30T00:00:00Z,80151,31478,-315
FIRM_0027,2023-09-30T00:00:00Z,156553,14339,-170
FIRM_0061,2022-09-30T00:00:00Z,157164,5997,1537
FIRM_0031,2023-12-31T00:00:00Z,113059,39662,-3522
FIRM_0009,2022-03-31T00:00:00Z,111975,36839,2698
FIRM_0037,2022-09-30T00:00:00Z,116729,31650,-1829
FIRM_0022,2021-06-30T00:00:00Z,100983,14585,3208
FIRM_0003,2023-06-30T00:00:00Z,97083,15346,4873
FIRM_0074,2022-12-31T00:00:00Z,179377,15539,1018
FIRM_0006,2022-12-31T00:00:00Z,181044,12497,-2497
FIRM_0006,2023-03-31T00:00:00Z,132108,27821,3013
FIRM_0034,2021-12-31T00:00:00Z,114365,21340,-131
FIRM_0027,2021-12-31T00:00:00Z,120465,23250,-648
FIRM_0029,2023-12-31T00:00:00Z,108234,32935,4789
FIRM_0066,2021-03-31T00:00:00Z,171806,27049,-3831
FIRM_0080,2023-03-31T00:00:00Z,165439,6313,-3812
FIRM_0058,2023-03-31T00:00:00Z,98394,5559,3283
FIRM_0050,2023-12-31T00:00:00Z,180190,39783,4099
FIRM_0019,2022-03-31T00:00:00Z,183897,35536,-771
FIRM_0055,2021-03-31T00:00:00Z,107943,9027,-535
FIRM_0040,2023-12-31T00:00:00Z,165522,13154,3673
FIRM_0028,2022-12-31T00:00:00Z,113496,8408,4231
FIRM_0062,2022-06-30T00:00:00Z,143765,30227,-1915
FIRM_0080,2023-06-30T00:00:00Z,173389,20575,-3786
FIRM_0075,2022-09-30T00:00:00Z,158439,16389,3455
FIRM_0073,2022-12-31T00:00:00Z,93377,15114,4024
FIRM_0048,2021-09-30T00:00:00Z,115832,9464,-662
FIRM_0054,2022-06-30T00:00:00Z,58557,37908,-4225
FIRM_0033,2023-09-30T00:00:00Z,88987,19507,4028
FIRM_0055,2022-12-31T00:00:00Z,184513,16849,-1
FIRM_0091,2023-06-30T00:00:00Z,67477,17450,3647
FIRM_0043,2023-06-30T00:00:00Z,152890,20790,-3199
FIRM_0070,2021-03-31T00:00:00Z,92178,11621,64
FIRM_0092,2021-03-31T00:00:00Z,162049,35532,3170
FIRM_0063,2022-03-31T00:00:00Z,146267,33171,-1796
FIRM_0084,2023-09-30T00:00:00Z,84366,33092,-4007
FIRM_0052,2022-03-31T00:00:00Z,111367,25876,-1178
FIRM_0091,2022-09-30T00:00:00Z,165184,7701,2982
FIRM_0073,2023-06-30T00:00:00Z,151442,34300,1334
FIRM_0001,2022-12-31T00:00:00Z,65888,16317,4436
FIRM_0093,2022-03-31T00:00:00Z,95275,38708,3524
FIRM_0010,2022-06-30T00:00:00Z,128993,11522,-2916
FIRM_0057,2022-06-30T00:00:00Z,188712,8125,1052
FIRM_0096,2023-12-31T00:00:00Z,81818,34362,-3423
FIRM_0015,2021-09-30T00:00:00Z,179606,18927,-4083
FIRM_0045,2023-12-31T00:00:00Z,121351,8503,-836
FIRM_0029,2023-06-30T00:00:00Z,161546,14149,-19
FIRM_0061,2022-12-31T00:00:00Z,117034,11547,1464
FIRM_0090,2023-09-30T00:00:00Z,116451,36599,-4034
FIRM_0053,2021-03-31T00:00:00Z,80064,12835,1854
FIRM_0060,2021-09-30T00:00:00Z,121117,29056,-3906
FIRM_0038,2023-09-30T00:00:00Z,111545,39002,-3733
FIRM_0085,2023-12-31T00:00:00Z,119574,24183,4723
FIRM_0004,2021-09-30T00:00:00Z,153866,27943,-1054
FIRM_0004,2021-12-31T00:00:00Z,77166,7515,409
FIRM_0036,2023-09-30T00:00:00Z,161931,21177,2165
FIRM_0043,2022-03-31T00:00:00Z,153508,27491,-3446
FIRM_0020,2023-09-30T00:00:00Z,143563,11402,-1768
FIRM_0035,2021-09-30T00:00:00Z,129420,28752,-4849
FIRM_0090,2022-03-31T00:00:00Z,103074,11234,-3506
FIRM_0015,2021-12-31T00:00:00Z,92866,24629,-89
FIRM_0013,2023-09-30T00:00:00Z,85912,13323,-2717
FIRM_0003,2023-09-30T00:00:00Z,92498,5252,-468
FIRM_0094,2021-12-31T00:00:00Z,56749,26120,261
FIRM_0093,2022-09-30T00:00:00Z,65105,5695,1553
FIRM_0099,2023-09-30T00:00:00Z,74589,32624,3101
FIRM_0025,2023-03-31T00:00:00Z,64714,6131,-4781
FIRM_0057,2023-03-31T00:00:00Z,120839,26692,-1545
FIRM_0024,2023-12-31T00:00:00Z,155361,22333,4858
FIRM_0035,2021-12-31T00:00:00Z,126155,36462,1306
FIRM_0013,2022-09-30T00:00:00Z,109820,24677,1109
FIRM_0014,2022-06-30T00:00:00Z,184143,39178,-362
FIRM_0090,2023-06-30T00:00:00Z,120587,39551,4671
FIRM_0012,2023-09-30T00:00:00Z,164053,16754,-36
FIRM_0059,2021-03-31T00:00:00Z,163437,5412,-4127
FIRM_0079,2023-12-31T00:00:00Z,186177,30581,4388
FIRM_0023,2021-06-30T00:00:00Z,188560,19683,1755
FIRM_0055,2021-03-31T00:00:00Z,159589,36988,1149
FIRM_0021,2023-12-31T00:00:00Z,178236,32607,-1714
FIRM_0031,2021-09-30T00:00:00Z,96714,22426,1373
FIRM_0100,2022-06-30T00:00:00Z,184884,23590,557
FIRM_0020,2021-09-30T00:00:00Z,185543,17152,1239
FIRM_0061,2021-09-30T00:00:00Z,87872,19477,3787
FIRM_0005,2022-06-30T00:00:00Z,106647,8777,-2298
FIRM_0003,2022-12-31T00:00:00Z,151225,33392,3005
FIRM_0081,2022-06-30T00:00:00Z,65223,26645,-2297
FIRM_0065,2022-12-31T00:00:00Z,84381,33216,2899
FIRM_0038,2023-09-30T00:00:00Z,97964,14473,614
FIRM_0050,2022-12-31T00:00:00Z,101606,33003,-4991
FIRM_0071,2023-09-30T00:00:00Z,81470,34874,-1492
FIRM_0028,2023-09-30T00:00:00Z,153321,20863,-494
FIRM_0085,2023-12-31T00:00:00Z,87123,9992,4290
FIRM_0025,2023-12-31T00:00:00Z,139377,6541,-406
FIRM_0006,2022-03-31T00:00:00Z,128784,23744,2195
FIRM_0031,2023-03-31T00:00:00Z,86384,34769,-3794
FIRM_0063,2023-03-31T00:00:00Z,68985,16689,4863
FIRM_0082,2022-12-31T00:00:00Z,62726,33889,2302
FIRM_0008,2022-06-30T00:00:00Z,143015,17382,2974
FIRM_0038,2023-06-30T00:00:00Z,142985,37565,3006
FIRM_0072,2023-09-30T00:00:00Z,165603,33792,611
FIRM_0064,2022-12-31T00:00:00Z,59453,32979,-2938
FIRM_0061,2022-03-31T00:00:00Z,134848,38430,-3545
FIRM_0092,2021-06-30T00:00:00Z,160337,5647,2049
FIRM_0062,2021-03-31T00:00:00Z,128015,33737,1900
FIRM_0046,2022-09-30T00:00:00Z,106656,21840,773
FIRM_0032,2023-06-30T00:00:00Z,73116,6683,3659
FIRM_0010,2023-09-30T00:00:00Z,190712,26378,4873
FIRM_0025,2021-09-30T00:00:00Z,96394,23584,-2759
FIRM_0027,2022-09-30T00:00:00Z,150774,19595,-2676
FIRM_0050,2021-06-30T00:00:00Z,183333,29908,2260
FIRM_0011,2021-06-30T00:00:00Z,63254,27491,-3257
FIRM_0038,2021-09-30T00:00:00Z,62884,16992,4010
FIRM_0047,2023-03-31T00:00:00Z,88827,32352,4313
FIRM_0026,2021-03-31T00:00:00Z,155164,15897,-2514
FIRM_0037,2023-03-31T00:00:00Z,143434,12700,-1417
FIRM_0027,2023-12-31T00:00:00Z,185455,8268,-1516
FIRM_0025,2023-09-30T00:00:00Z,144101,7287,-4464
FIRM_0069,2023-06-30T00:00:00Z,68372,29379,-952
FIRM_0074,2023-09-30T00:00:00Z,184377,34317,-3238
FIRM_0005,2023-12-31T00:00:00Z,193881,26781,-3419
FIRM_0023,2023-12-31T00:00:00Z,185904,21361,1436
FIRM_0088,2021-06-30T00:00:00Z,50396,11176,-1578
FIRM_0021,2022-06-30T00:00:00Z,160864,21677,2237
FIRM_0010,2022-03-31T00:00:00Z,86245,30496,-1156
FIRM_0087,2022-12-31T00:00:00Z,175130,5086,-3367
FIRM_0012,2021-03-31T00:00:00Z,109063,17548,504
FIRM_0024,2021-09-30T00:00:00Z,179224,38959,-1113
FIRM_0048,2021-12-31T00:00:00Z,137670,18643,2335
FIRM_0084,2021-03-31T00:00:00Z,157993,16692,2561
FIRM_0008,2022-06-30T00:00:00Z,105946,15990,3872
FIRM_0032,2021-09-30T00:00:00Z,142142,13360,-255
FIRM_0032,2021-09-30T00:00:00Z,109051,5095,922
FIRM_0023,2021-06-30T00:00:00Z,189019,9842,-2542
FIRM_0020,2022-06-30T00:00:00Z,104599,6515,3892
FIRM_0072,2023-09-30T00:00:00Z,158009,20696,4129
FIRM_0076,2022-12-31T00:00:00Z,50415,32628,1781
FIRM_0072,2023-09-30T00:00:00Z,57283,33747,4435
FIRM_0093,2021-06-30T00:00:00Z,169125,22747,1834
FIRM_0075,2021-03-31T00:00:00Z,63793,33002,-1067
FIRM_0033,2021-03-31T00:00:00Z,54019,36528,2915
FIRM_0073,2022-09-30T00:00:00Z,184603,9203,2623
FIRM_0077,2023-09-30T00:00:00Z,128704,15782,-3265
FIRM_0057,2021-06-30T00:00:00Z,175627,35606,3520
FIRM_0068,2023-03-31T00:00:00Z,182545,22676,-1932
FIRM_0093,2023-09-30T00:00:00Z,145599,14926,-2379
FIRM_0085,2023-06-30T00:00:00Z,191651,22588,-3036
FIRM_0073,2021-03-31T00:00:00Z,154985,13864,1660
FIRM_0068,2021-09-30T00:00:00Z,184428,14482,-2499
FIRM_0015,2023-06-30T00:00:00Z,55597,28112,-4360
FIRM_0062,2022-12-31T00:00:00Z,183037,33786,-2874
FIRM_0010,2023-09-30T00:00:00Z,112351,12260,4038
FIRM_0022,2021-06-30T00:00:00Z,175364,7186,-3874
FIRM_0049,2022-06-30T00:00:00Z,154468,27220,-2274
FIRM_0095,2021-03-31T00:00:00Z,179939,11588,-3330
FIRM_0052,2023-09-30T00:00:00Z,160062,19942,-3121
FIRM_0090,2023-12-31T00:00:00Z,178621,6497,-881
FIRM_0043,2023-03-31T00:00:00Z,192245,26487,-691
FIRM_0045,2021-09-30T00:00:00Z,192669,5633,415
FIRM_0030,2023-09-30T00:00:00Z,55137,28924,4839
FIRM_0054,2022-06-30T00:00:00Z,179246,31188,973
FIRM_0067,2021-06-30T00:00:00Z,166643,6163,-3518
FIRM_0099,2022-06-30T00:00:00Z,146326,37678,-4444
FIRM_0041,2022-09-30T00:00:00Z,199347,12304,2049
FIRM_0001,2022-06-30T00:00:00Z,83628,29505,2411
FIRM_0004,2023-12-31T00:00:00Z,58283,19799,-4580
FIRM_0059,2023-09-30T00:00:00Z,185029,29729,4485
FIRM_0048,2022-03-31T00:00:00Z,103128,9251,2778
FIRM_0010,2022-03-31T00:00:00Z,103933,9662,-3753
FIRM_0028,2022-03-31T00:00:00Z,192177,22290,4091
FIRM_0097,2022-03-31T00:00:00Z,188233,21147,-4424
FIRM_0081,2021-06-30T00:00:00Z,139119,36670,3327
FIRM_0032,2021-09-30T00:00:00Z,153347,38692,-3605
FIRM_0041,2023-12-31T00:00:00Z,164914,7661,-4259
FIRM_0055,2022-12-31T00:00:00Z,176476,23553,4411
FIRM_0033,2022-09-30T00:00:00Z,50869,21966,4350
FIRM_0033,2021-12-31T00:00:00Z,150451,34851,4140
FIRM_0044,2022-12-31T00:00:00Z,89752,36712,2650
FIRM_0050,2023-09-30T00:00:00Z,132346,24603,2086
FIRM_0083,2023-06-30T00:00:00Z,152495,5700,3808
FIRM_0093,2021-06-30T00:00:00Z,71199,20496,-4305
FIRM_0093,2023-12-31T00:00:00Z,131565,8897,-2968
FIRM_0081,2022-03-31T00:00:00Z,123779,32740,2751
FIRM_0001,2021-06-30T00:00:00Z,184055,11940,-4835
FIRM_0018,2022-09-30T00:00:00Z,137312,30565,-2446
FIRM_0088,2021-12-31T00:00:00Z,122098,24153,-1786
FIRM_0072,2023-12-31T00:00:00Z,66780,31573,-2537
FIRM_0044,2022-09-30T00:00:00Z,80754,13461,4824
FIRM_0050,2021-06-30T00:00:00Z,72000,10699,2741
FIRM_0061,2022-03-31T00:00:00Z,162507,19329,1390
FIRM_0035,2021-03-31T00:00:00Z,144968,16943,-626
FIRM_0059,2022-09-30T00:00:00Z,140041,14435,3110
FIRM_0009,2022-06-30T00:00:00Z,150286,14888,-1345
FIRM_0026,2021-09-30T00:00:00Z,131701,20144,-3905
FIRM_0036,2023-06-30T00:00:00Z,181793,11844,-621
FIRM_0050,2023-06-30T00:00:00Z,192304,16413,-2426
FIRM_0071,2022-06-30T00:00:00Z,51373,29437,2888
FIRM_0051,2023-09-30T00:00:00Z,60434,34482,880
FIRM_0088,2023-12-31T00:00:00Z,60901,20299,-3733
FIRM_0097,2023-09-30T00:00:00Z,98068,24923,-1837
FIRM_0091,2021-06-30T00:00:00Z,134139,30690,4160
FIRM_0039,2021-12-31T00:00:00Z,110531,28977,-895
FIRM_0017,2021-03-31T00:00:00Z,85037,28051,4870
FIRM_0084,2021-03-31T00:00:00Z,130017,20423,4006
FIRM_0088,2023-06-30T00:00:00Z,190696,22391,416
FIRM_0048,2021-12-31T00:00:00Z,85897,19491,4650
FIRM_0081,2023-12-31T00:00:00Z,86868,31719,4715
FIRM_0073,2021-06-30T00:00:00Z,126954,24176,1069
FIRM_0047,2023-03-31T00:00:00Z,57486,36454,-4224
FIRM_0071,2021-12-31T00:00:00Z,135050,34676,-3273
FIRM_0047,2021-12-31T00:00:00Z,134492,31377,3300
FIRM_0061,2023-09-30T00:00:00Z,190211,19928,1759
FIRM_0028,2021-03-31T00:00:00Z,57011,21774,-3506
FIRM_0085,2022-06-30T00:00:00Z,125329,13127,4437
FIRM_0015,2021-09-30T00:00:00Z,164155,36671,-4782
FIRM_0009,2021-06-30T00:00:00Z,158110,27579,1100
FIRM_0026,2022-09-30T00:00:00Z,143213,8864,2124
FIRM_0067,2021-12-31T00:00:00Z,180110,32228,4462
FIRM_0029,2023-06-30T00:00:00Z,145098,37121,-2093
FIRM_0049,2023-12-31T00:00:00Z,146395,12277,-1052
FIRM_0013,2021-09-30T00:00:00Z,179807,9310,-1351
FIRM_0089,2022-09-30T00:00:00Z,55962,37524,359
FIRM_0042,2022-06-30T00:00:00Z,71430,23186,-2658
FIRM_0052,2023-06-30T00:00:00Z,147173,31403,687
FIRM_0031,2022-12-31T00:00:00Z,170531,13663,3555
FIRM_0091,2021-09-30T00:00:00Z,183544,16634,-3028
FIRM_0011,2021-03-31T00:00:00Z,143644,18530,1653
FIRM_0001,2021-03-31T00:00:00Z,116911,18670,-3227
FIRM_0078,2022-09-30T00:00:00Z,159161,18541,-3974
FIRM_0006,2023-09-30T00:00:00Z,71231,22733,-2204
FIRM_0050,2023-03-31T00:00:00Z,156172,19132,-3334
FIRM_0086,2023-06-30T00:00:00Z,129582,5970,3403
FIRM_0043,2022-06-30T00:00:00Z,144592,33059,3554
FIRM_0021,2023-09-30T00:00:00Z,153387,18214,-3438
FIRM_0007,2021-03-31T00:00:00Z,191659,5906,-2932
FIRM_0014,2021-06-30T00:00:00Z,139958,21754,-30
FIRM_0013,2022-09-30T00:00:00Z,92617,31603,2514
FIRM_0083,2023-12-31T00:00:00Z,108969,38114,-4696
FIRM_0063,2022-09-30T00:00:00Z,93240,31083,-2699
FIRM_0100,2022-06-30T00:00:00Z,138527,24985,-3056
FIRM_0096,2023-06-30T00:00:00Z,57110,29243,-679
FIRM_0040,2022-06-30T00:00:00Z,64453,16616,375
FIRM_0092,2022-09-30T00:00:00Z,69440,7045,3180
FIRM_0061,2021-06-30T00:00:00Z,172433,36253,2511
FIRM_0081,2023-06-30T00:00:00Z,153416,19092,-3810
FIRM_0051,2022-06-30T00:00:00Z,134118,36581,2851
FIRM_0085,2023-06-30T00:00:00Z,117460,29621,-4568
FIRM_0031,2023-03-31T00:00:00Z,66437,31969,-631
FIRM_0018,2021-06-30T00:00:00Z,135505,20875,-1753
FIRM_0009,2023-06-30T00:00:00Z,189212,30662,-1638
FIRM_0075,2021-12-31T00:00:00Z,149025,39148,4356
FIRM_0076,2021-03-31T00:00:00Z,135009,16680,142
FIRM_0025,2021-06-30T00:00:00Z,178026,21860,1844
FIRM_0043,2022-06-30T00:00:00Z,64884,12925,1861
FIRM_0090,2023-06-30T00:00:00Z,186547,20112,3841
